,시점,KRW/USD,경제심리지수(원계열),뉴스심리지수,원자재구입가격실적,"M2(말잔, 원계열)",미국M2,USBIR,KOBIR,KOTN,USTN,달러결제수출금액,달러결제수입금액,달러결제수출비율,달러결제수입비율,한국생산자물가지수,미국생산자물가지수,한국외환보유액,미국외환보유액,한국실업률,미국실업률,KOSPI,Dow Jones
0,200501,1006,95.3,106.39,125,951377.5,6404.1,2.25,3.25,4.42,4.128,18478.7,15159.4,82.3,77.9,86.59,83.65,199699,85425,3.8,5.3,932.7,10489.94
1,200502,1015.5,108.1,110.62,121,970720,6405.7,2.5,3.25,4.88,4.377,16918.5,14327.2,82.9,77.9,86.77,84.04,202162,79780,3.7,5.4,1011.36,10766.23
2,200503,997.1,110.9,103.98,124,970629.1,6464.9,2.75,3.25,4.77,4.481,19646.9,17966.4,82,78.9,86.85,85.2,205447,79029,3.7,5.2,965.68,10503.76
3,200504,1007.7,110.4,100.87,126,987882.7,6508.3,2.75,3.25,4.69,4.198,18863.2,16692.5,82.5,78.6,87.09,85.93,206376,79483,3.7,5.2,911.3,10192.51
4,200505,1025.4,103.8,101.94,116,987197.7,6459.8,3,3.25,4.42,3.981,19091.2,16888.4,82.6,79.8,86.52,85.54,206100,78027,3.7,5.1,970.21,10467.48
5,200506,1026.8,102.1,102.04,111,999795.4,6511.8,3.25,3.25,4.46,3.913,19562.3,16867.7,82.5,79.2,86.13,85.54,204986,77110,3.8,5,1008.16,10274.97
6,200507,1038.5,99.1,108.8,111,1006793.7,6530.7,3.25,3.25,4.89,4.276,19358.2,17098.1,83.3,79.5,86.66,86.65,205685,76588,3.7,5,1111.29,10640.91
7,200508,1041.1,103.3,97.81,116,1004054,6555.0,3.5,3.25,5.08,4.014,19720.7,17541.8,84.5,79.7,86.9,87.37,206712,72794,3.7,4.9,1083.33,10481.6
8,200509,1040.2,106.7,109.38,115,1004087.9,6587.7,3.75,3.25,5.15,4.324,20627.7,18051.3,84.1,79.5,87.28,89.92,206731,71428,4,5,1221.01,10568.7
9,200510,1033.5,105.4,105.65,112,1003063.3,6615.0,3.75,3.5,5.36,4.551,20979.3,18081.7,82.7,79.8,87.51,92.13,207307,70911,3.9,5,1158.11,10440.07
10,200511,1011.6,109.3,117.05,113,1014142.4,6655.7,4,3.5,5.68,4.484,21368.4,19221.7,82.7,80.6,87.26,90.75,208230,68790,3.6,5,1297.44,10805.87
11,200512,964.6,112.3,115.34,107,1021448.7,6708.9,4.25,3.75,5.6,4.391,21308.6,19352.8,83.1,80,87.01,90.36,210391,64473,3.5,4.9,1379.37,10717.5
12,200601,970.9,114.9,112.09,109,1024480.2,6707.1,4.5,3.75,5.58,4.515,19084.7,19099.2,82.1,82.7,87.31,91.08,216933,65622,3.4,4.7,1399.83,10864.86
13,200602,971.6,116.4,100.82,112,1035663.8,6724.2,4.5,4,5.28,4.551,19877,18941.2,83.6,80.6,87.35,89.7,215950,64959,3.5,4.8,1371.59,10993.41
14,200603,943.4,117.1,99.82,107,1040062.1,6796.7,4.75,4,5.42,4.847,22276.5,20848.2,83,80.4,87.24,89.92,217344,65454,3.5,4.7,1359.6,11109.32
15,200604,945.6,115.6,98.84,122,1049856.3,6860.1,4.75,4,5.45,5.05,21503.8,19630.5,84,80.2,87.4,91.08,222890,66937,3.4,4.7,1419.73,11367.14
16,200605,948.9,109.4,93.12,123,1064381.4,6798.4,5,4,5.2,5.119,23352.4,21078.9,83.6,80.4,87.71,91.91,224689,67437,3.4,4.6,1317.7,11168.31
17,200606,955.2,104.5,90.33,123,1082235,6852.1,5.25,4.25,5.25,5.136,23417.5,20949.3,83.8,80.5,87.54,92.08,224357,67831,3.5,4.6,1295.15,11150.22
18,200607,961.5,103.2,88.26,124,1076369.6,6873.6,5.25,4.25,5.16,4.979,21925.8,20655.2,85.1,80.8,87.82,92.47,225716,67814,3.5,4.7,1297.82,11185.68
19,200608,946.2,105.4,92.33,124,1086334.6,6892.3,5.25,4.5,4.94,4.726,23098.9,22184.1,84.7,82.1,88.38,93.08,227025,67156,3.5,4.7,1352.74,11381.15
20,200609,942.3,107,101.61,117,1112597.1,6919.7,5.25,4.5,4.89,4.628,24260.3,22443.8,81.8,81.2,88.67,91.69,228224,66220,3.5,4.5,1371.41,11679.07
21,200610,929.5,109.4,98.4,108,1111457.6,6962.5,5.25,4.5,4.79,4.598,23076.7,20766.8,82.4,81.1,87.86,89.92,229461,66347,3.6,4.4,1364.55,12080.73
22,200611,929.8,109.6,99.21,108,1128558.8,7024.9,5.25,4.5,4.91,4.458,25194.3,21659,82.3,80.9,87.43,91.25,234257,66512,3.5,4.5,1432.21,12221.93
23,200612,941,107.4,98.22,108,1149262.1,7100.1,5.25,4.5,4.95,4.702,23838.6,21972.6,82.8,79.8,87.35,91.8,238956,66053,3.4,4.4,1434.46,12463.15
24,200701,941.8,106.3,91.76,108,1143372.7,7098.2,5.25,4.5,5.04,4.808,23394.7,22375.5,83.3,81.2,87.36,90.91,240229,64852,3.4,4.6,1360.23,12621.69
25,200702,940.9,112.7,96.38,102,1150628,7109.7,5.25,4.5,5.01,4.566,21569.3,20407.8,82.2,80.3,87.41,92.47,242812,65403,3.1,4.5,1417.34,12268.63
26,200703,930.8,113.3,97.47,113,1164050.7,7207.6,5.25,4.5,4.94,4.644,24944.4,23404.4,82.1,79.9,87.79,93.85,243915,66448,3.2,4.4,1452.55,12354.35
27,200704,927.7,114.7,106.32,121,1161264,7296.5,5.25,4.5,5.07,4.622,24490.3,23660,81.8,79.9,88.4,95.02,247260,66850,3.3,4.5,1542.24,13062.91
28,200705,923.8,114.1,107.11,123,1176274.8,7241.0,5.25,4.5,5.22,4.888,25500.9,24501.9,82.2,82.1,88.9,96.07,250741,65835,3.3,4.4,1700.91,13627.64
29,200706,919.3,112.9,107.64,125,1204632.9,7285.1,5.25,4.5,5.48,5.024,26301.1,23183.7,82.2,81.3,89.08,96.35,250702,65855,3.3,4.6,1743.6,13408.62
30,200707,938.3,114.5,111.95,119,1202371.7,7287.9,5.25,4.75,5.52,4.739,24812.9,23648.8,82.1,80.9,89.19,97.07,254839,67062,3.3,4.7,1933.27,13211.99
31,200708,915.1,116.8,97.83,113,1208678.2,7347.2,5.25,5,5.42,4.529,25736.3,23897.7,83,80.6,89.14,95.57,255302,67376,3.3,4.6,1873.24,13357.74
32,200709,900.7,116,103.74,116,1227055.3,7367.6,4.75,5,5.52,4.587,24043.9,22229.6,82,81.7,89.56,96.18,257294,68977,3.2,4.7,1946.48,13895.63
33,200710,921.1,114.7,108.12,126,1244218.2,7378.6,4.5,5,5.56,4.471,27867.4,26314.7,80.9,80.4,89.74,96.85,260138,69668,3.3,4.7,2064.85,13930.01
34,200711,936.1,113.8,97.23,124,1260623.4,7436.8,4.5,5,5.61,3.938,29359.6,27233.6,82,80.3,90.12,99.23,261928,70945,3.3,4.7,1906,13371.72
35,200712,943.9,111.1,102.99,127,1273611.9,7504.2,4.25,5,5.82,4.023,27466.4,27273.4,83.2,80.5,90.48,99.01,262224,70684,3.2,5,1897.13,13264.82
36,200801,939,111.3,98.54,132,1295781.1,7502.6,3,5,5.56,3.593,26758.4,29924.6,82.9,82.4,90.99,100.34,261871,71603,3,5,1624.68,12650.36
37,200802,990.4,113.7,97.88,134,1315172.2,7585.2,3,5,5.28,3.51,25766.4,26534.9,82.6,81.3,91.83,101.28,262365,73521,2.9,4.9,1711.62,12266.39
38,200803,1002.6,106.6,88.12,156,1316505.1,7719.2,2.25,5,5.36,3.41,29468.7,30053,81.9,81,93.03,104.16,264246,75840,3,5.1,1703.99,12262.89
39,200804,1030.1,108,103.73,156,1350862.3,7767.6,2,5,5.17,3.728,31473.7,30827.5,83.2,80.6,95,105.83,260483,74541,3.1,5,1825.47,12820.1
40,200805,1046,103.6,93.06,156,1362825.6,7709.1,2,5,5.5,4.06,33241.4,32127.4,84.4,83,96.91,108.99,258199,74160,3.2,5.4,1852.02,12638.32
41,200806,1012.2,98.7,76.31,160,1368551.7,7731.7,2,5,5.89,3.969,31417.3,30634.4,84.3,81,98.47,111.15,258098,75461,3.1,5.6,1674.92,11350.01
42,200807,1089,93.6,79.55,159,1375993.6,7745.0,2,5,6.03,3.946,35024.4,35797.2,85.5,83.3,100.38,113.92,247523,75185,3.1,5.8,1594.67,11378.02
43,200808,1207,101.8,75.88,130,1394030.4,7742.7,2,5.25,5.91,3.812,31685.4,33315.4,86.5,82.4,100.1,110.32,243200,72510,3.3,6.1,1474.24,11543.55
44,200809,1291,97.8,70.51,128,1392431.9,7815.6,2,5.25,5.99,3.823,32363.8,32790.9,86.5,83,99.69,109.15,239672,72988,3.2,6.1,1448.06,10850.66
45,200810,1469,82.5,60.04,124,1411370.4,7922.1,1,4.25,5.53,3.964,31572.6,29797.5,85.1,82.5,99.43,103.33,212253,69984,3.3,6.5,1113.06,9325.01
46,200811,1259.5,71.2,65.53,109,1427905.3,8012.5,1,4,5.73,2.92,24279.5,23863.6,84.2,82.7,97.11,98.01,200506,70732,3.4,6.8,1076.07,8829.04
47,200812,1379.5,61.2,72.73,100,1425887.5,8231.5,0.125,3,4.87,2.212,22847.9,21302.5,84.3,80.2,95.48,94.74,201223,78334,3.4,7.3,1124.47,8776.39
48,200901,1534,67.7,76.45,100,1445387.5,8276.4,0.125,2.5,4.42,2.84,17886.2,20493.5,84.6,82.3,95.21,94.91,201741,75524,3.3,7.8,1162.11,8000.86
49,200902,1383.5,70.5,80.19,109,1470463.5,8305.2,0.125,2,5.24,3.013,21865.7,17905.9,86.1,79.2,95.85,93.85,201536,73551,3.3,8.3,1063.03,7062.93
50,200903,1282,73.5,89.93,115,1467314.9,8441.1,0.125,2,4.97,2.663,23879.3,19085.7,85.6,79.8,96.31,93.19,206340,75267,3.6,8.7,1206.26,7608.92
51,200904,1255,90.4,99.01,109,1481967.5,8441.5,0.125,2,4.9,3.119,26119.7,19710.1,86.1,79.2,96.42,93.74,212478,75877,3.7,9,1369.36,8168.12
52,200905,1273.9,95.6,99.85,107,1498549.1,8428.6,0.125,2,5.05,3.459,23855.9,19032.8,85.7,81.3,95.68,94.68,226766,78634,3.9,9.4,1395.89,8500.33
53,200906,1228.5,98.9,101.13,110,1509702.2,8441.3,0.125,2,5.26,3.533,27835.6,20296.5,86.4,79,95.43,96.51,231735,82194,3.9,9.5,1390.07,8447
54,200907,1248.9,99.7,108.91,113,1506976.6,8407.6,0.125,2,5.18,3.48,27329.9,22352.3,85.7,80.8,96.52,95.63,237510,83375,3.8,9.5,1557.29,9171.61
55,200908,1178.1,108.2,105.46,115,1526511.9,8386.7,0.125,2,5.44,3.398,24826,21951.5,85.8,80.1,97.07,97.01,245459,127017.61,3.8,9.6,1591.85,9496.28
56,200909,1182.5,109.5,109.23,117,1541191.2,8394.9,0.125,2,5.38,3.305,28857.7,23920.6,85.1,80.4,97.16,96.51,254247,133968.62,3.6,9.8,1673.14,9712.28
57,200910,1162.8,112,106.15,111,1554701.4,8426.4,0.125,2,5.45,3.383,28712,24601.1,84.5,80.9,96.39,97.12,264187,134266.28,3.6,10,1580.69,9712.73
58,200911,1164.5,108.5,105.4,117,1564351.2,8501.2,0.125,2,5.39,3.198,28706.2,23402.8,84.5,79.2,96.72,98.34,270892,137128.26,3.7,9.9,1555.6,10344.84
59,200912,1161.8,110,114.77,112,1566850,8543.7,0.125,2,5.31,3.837,30658.1,26139.6,85.1,79.4,97.2,98.64,269995,131174.2,3.6,9.9,1682.77,10428.05
60,201001,1160,113,113.22,116,1589487.9,8464.4,0.125,2,5.35,3.584,26149.4,25990.8,85.1,82.4,97.63,99.03,273694,130296.42,4.7,9.8,1602.43,10067.33
61,201002,1131.3,116.2,104.91,119,1596976.4,8508.4,0.125,2,5.3,3.612,28431.2,24797.4,86.1,79.9,97.8,99.22,270660,129435.26,4,9.8,1594.58,10325.26
62,201003,1108.4,115.1,108.95,120,1609271.8,8576.6,0.125,2,4.92,3.826,31844.4,28209.4,85.4,79.3,98.25,99.03,272331,127505.4,3.7,9.9,1692.85,10856.63
63,201004,1202.5,116.5,112.77,129,1620071.8,8601.8,0.125,2,4.91,3.653,33859.3,28630.2,86.2,80.6,98.97,99.12,278873,127038.92,3.6,9.9,1741.56,11008.61
64,201005,1222.2,115.7,107.91,130,1632746.4,8584.2,0.125,2,4.95,3.285,33600.1,28735.6,86.4,82.4,99.81,99.32,270221,124176.04,3.2,9.6,1641.25,10136.63
65,201006,1182.7,114.7,109.93,125,1645713.7,8606.4,0.125,2,4.93,2.931,36421.2,28561,86.6,81,99.92,99.42,274219,124969.68,3.5,9.4,1698.29,9774.02
66,201007,1198.1,114.5,109.59,121,1644278.7,8576.9,0.125,2.25,4.91,2.905,34860.5,29036.7,86.2,82,100.17,99.9,285958,129162.16,3.8,9.4,1759.33,10465.94
67,201008,1140.2,113.2,105.05,120,1647880.8,8607.7,0.125,2.25,4.68,2.468,31343.2,28149.7,85.9,79.8,100.48,100,285353,129392.22,3.5,9.5,1742.75,10014.72
68,201009,1125.3,113.6,109.98,121,1652908,8649.5,0.125,2.25,4.28,2.51,34260.9,28494.5,86.9,81.4,101.05,100.1,289775,132374.73,3.8,9.5,1872.81,10788.05
69,201010,1159.7,111.6,108.51,121,1674134.4,8710.4,0.125,2.25,4.11,2.599,37061.5,30408.6,85.5,82.2,101.42,100.78,293348,136116.61,3.7,9.4,1882.95,11118.49
70,201011,1134.8,112.9,110.97,124,1678849.9,8775.5,0.125,2.5,4.48,2.797,35006.4,31738.7,84.8,82.1,101.78,101.56,290231,131971.24,3.3,9.8,1904.63,11006.02
71,201012,1121.5,111.3,112.2,125,1660530,8857.6,0.125,2.5,4.46,3.294,37766.6,33019.6,85.6,82.4,102.72,102.53,291571,132736.8,3.7,9.3,2051,11577.51
72,201101,1128.7,111.2,115.44,136,1669219,8850.0,0.125,2.75,4.69,3.37,38361.6,34910.5,86.3,83.2,104.3,103.22,295956,133944.8,3.5,9.1,2069.73,11891.93
73,201102,1096.7,112.6,102.18,133,1673697.1,8887.1,0.125,2.75,4.76,3.427,33057.6,29717.9,85.9,81.6,105.08,103.41,297667,134647.84,3.7,9,1939.3,12226.34
74,201103,1071.5,109.2,97.23,141,1675788.6,9000.6,0.125,3,4.51,3.47,41427.8,37226.4,86.2,81.7,106.34,103.31,298618,135412.53,3.8,9,2106.7,12319.73
75,201104,1079.2,112.7,107.81,140,1689262.4,9055.6,0.125,3,4.48,3.286,42129.3,36408.8,86.8,82.4,107,103.61,307199,142925.14,3.5,9.1,2192.36,12810.54
76,201105,1067.7,110.9,103.83,129,1684435.6,9025.6,0.125,3,4.34,3.061,40582.8,37529.3,85.7,82.9,107.32,103.7,305084,140889.18,3.3,9,2142.47,12569.79
77,201106,1054.5,107.9,100.81,121,1693131.7,9113.9,0.125,3.25,4.24,3.16,39423.5,36822.2,84.4,82.1,107.08,103.9,304485,146481.46,3.3,9.1,2100.69,12414.34
78,201107,1066.8,107.2,106.13,122,1713183.3,9266.6,0.125,3.25,4.23,2.796,42028.9,36422.4,85.9,82.2,107.22,103.61,311031,148623.11,3.3,9,2133.21,12143.24
79,201108,1178.1,105.7,85.55,119,1712196.4,9461.8,0.125,3.25,3.96,2.223,39338.8,37132.6,85.9,81.8,107.36,103.7,312195,150970.86,3.2,9,1880.11,11613.53
80,201109,1110,105.6,88.83,118,1727997.3,9500.3,0.125,3.25,3.75,1.915,39389,37338.9,84.7,82.5,107.44,103.31,303384,146311.64,3.3,9,1769.65,10913.38
81,201110,1143,103.6,97.82,116,1742069,9550.1,0.125,3.25,3.86,2.113,39888.7,35753.4,85.6,83.7,107.34,103.9,310976,152684.4,3.2,8.8,1909.03,11955.01
82,201111,1151.8,103.6,96.28,111,1750933.8,9633.1,0.125,3.25,3.8,2.068,39209,35579.7,85.2,82.7,107,104.39,308631,147798.18,3.3,8.6,1847.51,12045.68
83,201112,1123.3,99.6,97.06,106,1751458.4,9729.2,0.125,3.25,3.81,1.876,41174.7,37699.7,86.2,82.9,107.1,104.97,306402,146664.57,3.2,8.5,1825.74,12217.56
84,201201,1118.7,100.7,102.46,111,1750088,9761.9,0.125,3.25,3.8,1.797,35348.2,36048.6,85.8,82.8,107.65,105.26,311341,149526.92,3.2,8.3,1955.79,12632.91
85,201202,1133,104.4,97.58,114,1757601,9787.0,0.125,3.25,3.81,1.971,39544.7,37567.8,85.4,83.3,108.39,105.07,315804,149258.47,3.4,8.3,2030.25,12952.07
86,201203,1130,105.5,105.26,113,1782765.5,9903.1,0.125,3.25,3.95,2.209,40583.1,37655.7,85.7,83.6,108.92,104.68,315952,148444.91,3.3,8.2,2014.04,13212.04
87,201204,1180.3,109,103.14,108,1765825.9,9948.9,0.125,3.25,3.9,1.914,39430.4,36454.2,85.5,82.9,108.98,104.68,316837,149811.98,3.3,8.2,1981.99,13213.63
88,201205,1145.4,105.1,94.17,105,1781035.2,9882.9,0.125,3.25,3.75,1.558,39962.5,37568.1,85.3,84.5,108.37,104.97,310872,149484.54,3.1,8.2,1843.47,12393.45
89,201206,1130.6,100.3,94.31,103,1803812.4,9960.8,0.125,3.25,3.63,1.645,40151.4,35399.3,85.1,84.3,107.06,105.46,312378,149836.09,3.2,8.2,1854.01,12880.09
90,201207,1134.7,96,91.13,104,1808371,10005.9,0.125,3,3.3,1.468,37670.1,34863.1,84.3,83.1,106.58,105.56,314348,149532.13,3.1,8.2,1881.99,13008.68
91,201208,1111.4,94.5,89.59,109,1809558.8,10069.0,0.125,3,3.09,1.548,36625.2,34951.4,85.1,85,107.24,105.46,316885,151071.48,3.2,8.1,1905.12,13090.84
92,201209,1090.7,93.4,95.23,112,1824002.8,10165.2,0.125,3,3.05,1.634,38216.3,36299.4,84.2,85.3,107.62,105.26,322015,153770.87,3.2,7.8,1996.21,13437.13
93,201210,1082.9,91.5,92.47,107,1823554.7,10245.8,0.125,2.75,2.97,1.69,39725.6,36418.3,84.4,84,106.78,105.56,323461,152714.99,3.1,7.8,1912.06,13096.46
94,201211,1070.6,90.6,97.22,99,1831794.4,10343.0,0.125,2.75,2.99,1.616,40420.2,36480.3,84.6,84.1,106.05,106.04,326091,151629,3.2,7.7,1932.9,13025.58
95,201212,1089,91.2,98.35,103,1835641.6,10531.4,0.125,2.75,3.13,1.757,38298.8,35990.2,85.3,83.6,105.79,106.34,326968,151371.99,3.1,7.9,1997.05,13104.14
96,201301,1083,94.4,99.16,107,1844600.7,10506.6,0.125,2.75,3.05,1.985,39015.4,38615.4,85.4,85.2,105.96,106.24,328910,149837.65,3.2,8,1961.94,13860.58
97,201302,1111.1,96.2,93.21,106,1853813,10480.0,0.125,2.75,3.04,1.876,35863.9,34478.8,84.7,85.2,106.68,106.04,327395,149340.83,3.2,7.7,2026.49,14054.49
98,201303,1101.2,98.3,96.32,109,1868046.5,10626.9,0.125,2.75,2.91,1.849,40133.3,37203,84.8,84.6,106.26,106.43,327408,147266.17,3.1,7.5,2004.89,14578.54
99,201304,1129.7,97.9,92.53,102,1860900.8,10655.8,0.125,2.75,2.84,1.672,39257.9,36564.9,85.1,83.8,105.93,106.73,328799,146532.77,3,7.6,1963.95,14839.8
100,201305,1142,97.2,97.91,108,1874392.1,10578.7,0.125,2.5,2.9,2.128,41103.5,35828.9,85.1,84.5,105.56,106.73,328095,145434.2,3,7.5,2001.05,15115.57
101,201306,1123.5,96.3,89.86,102,1892905.6,10643.3,0.125,2.5,3.31,2.486,40009.3,34237.5,85.7,84.1,105.54,106.63,326440,144893.43,3.1,7.5,1863.32,14909.6
102,201307,1110,95.6,95.38,107,1877031.9,10682.3,0.125,2.5,3.47,2.576,39273.7,36076.7,85.7,83.2,105.52,106.92,329709,147316.07,3.2,7.3,1914.03,15499.54
103,201308,1074.7,95.3,92.28,105,1897581.7,10738.0,0.125,2.5,3.61,2.784,39951.4,34750.6,86.3,83.5,105.82,106.63,331094,147567.42,3.2,7.2,1926.36,14810.31
104,201309,1060.7,96.1,103.88,104,1900172.3,10805.9,0.125,2.5,3.53,2.61,38369,34604.6,85.9,84.3,105.7,106.53,336922,147679.88,3,7.2,1996.96,15129.67
105,201310,1058.2,97.6,94.86,104,1911112.6,10933.0,0.125,2.5,3.44,2.554,42411.7,38279.5,84,83.9,105.33,106.92,343226,149475.12,3.1,7.2,2030.09,15545.75
106,201311,1055.4,97.8,100.96,102,1928640.5,10977.2,0.125,2.5,3.584,2.745,40481.7,36263.4,84.5,84.1,105.12,107.31,345012,146356.12,3.1,6.9,2044.87,16086.41
107,201312,1070.4,97.7,96.59,103,1920795,11104.3,0.125,2.5,3.653,3.028,40977.2,37304.9,85.4,84.1,105.36,107.99,346460,145740.02,3.2,6.7,2011.34,16576.66
108,201401,1067.5,100.2,93.56,103,1946307.2,11101.6,0.125,2.5,3.647,2.644,38592,38924,84.7,87,105.64,108.19,348394,144373.7,3.2,6.6,1941.15,15698.85
109,201402,1064.7,102.4,97.52,104,1959558,11153.4,0.125,2.5,3.522,2.648,36214.7,35301.7,84.4,83.9,105.78,108.28,351792,146056.57,3.6,6.7,1979.99,16321.71
110,201403,1033.2,100.8,104.12,98,1961050.4,11278.4,0.125,2.5,3.543,2.718,42007.4,38413,85.6,84.3,105.73,108.38,354341,144938.89,3.4,6.7,1985.61,16457.66
111,201404,1020.1,102.1,104.79,101,1962033.7,11331.6,0.125,2.5,3.54,2.646,42966,38314.8,85.5,83.5,105.57,108.77,355845,144549.34,3.6,6.2,1961.79,16580.84
112,201405,1011.8,100.6,102.91,101,1993855,11274.8,0.125,2.5,3.402,2.476,40744.5,35781.4,85.6,84,105.55,108.77,360913,143068.74,3.5,6.3,1994.96,16717.17
113,201406,1027.9,97.2,101.99,104,2000102,11336.8,0.125,2.5,3.286,2.53,41299,35791.8,86.3,84.3,105.6,108.28,366546,144111.75,3.5,6.1,2002.21,16826.6
114,201407,1014,95.3,104.41,97,2016552.1,11391.8,0.125,2.5,3.056,2.558,40799.4,38437.3,84.6,83.8,105.68,108.58,368026,144203.46,3.5,6.2,2076.12,16563.3
115,201408,1055.2,97.5,108.61,99,2037820.9,11422.7,0.125,2.25,3.086,2.343,40003.3,36304.8,86.8,84.8,105.57,107.99,367534,141679.08,3.6,6.1,2068.54,17098.45
116,201409,1068.5,100.2,102.21,97,2036546.5,11470.6,0.125,2.25,3.012,2.489,41283.3,37480.1,87,84.8,105.19,107.5,364407,138139.2,3.5,5.9,2020.09,17042.9
117,201410,1107.9,95.5,96.51,100,2068136,11538.6,0.125,2,2.769,2.335,44155.3,37337.9,85.5,84.7,104.45,106.92,363723,136473.1,3.6,5.7,1964.43,17390.52
118,201411,1099.3,97.1,105.14,97,2093184,11615.0,0.125,2,2.692,2.164,40532.9,34633.4,87,83.8,104.13,106.73,363095,134571.29,3.5,5.8,1980.78,17828.24
119,201412,1093.5,96.2,100.09,95,2077234,11760.0,0.125,2,2.681,2.171,42787.7,36394.6,86.5,82.9,103.11,107.02,363593,132221.03,3.6,5.6,1915.59,17823.07
120,201501,1098.4,97.8,104.49,90,2096198.3,11759.0,0.125,2,2.415,1.641,39018.5,33112.1,86.5,84.3,101.85,107.02,362186,126751.36,3.5,5.7,1949.26,17164.95
121,201502,1109.5,102.4,106.28,94,2120316.5,11847.1,0.125,2,2.346,1.993,36063.2,27950.3,87,82.2,101.92,107.41,362370,126154.03,3.6,5.5,1985.8,18132.7
122,201503,1072.4,100.7,112.7,99,2127954.4,11956.7,0.125,1.75,2.276,1.923,40354.8,31348.1,86.2,81.5,101.8,107.8,362750,123191.42,3.5,5.4,2041.03,17776.12
123,201504,1108.2,103,115.28,99,2146427.4,12004.7,0.125,1.75,2.177,2.032,39730.5,30886.5,86,81.6,101.76,107.99,369902,120220,3.6,5.4,2127.17,17840.52
124,201505,1115.5,101.5,109.25,104,2175557.4,11907.9,0.125,1.75,2.49,2.121,36293.9,29861.3,85.7,82.9,101.83,107.7,371506,119759.5,3.7,5.6,2114.8,18010.68
125,201506,1170,91.3,100.91,101,2191606.1,11962.5,0.125,1.5,2.468,2.353,40427.6,29601.8,86.8,80.9,101.78,107.12,374749,120820.13,3.8,5.3,2074.2,17619.51
126,201507,1182.5,95.1,102.89,97,2196934.7,12012.9,0.125,1.5,2.45,2.18,39293.1,31752.7,86,82.2,101.4,107.02,370822,119210.93,3.7,5.2,2030.16,17689.86
127,201508,1185.3,96.5,95.62,94,2218472.5,12070.4,0.125,1.5,2.308,2.218,33729.5,28448.9,86.2,81.8,100.78,106.63,367938,120740.32,3.7,5.1,1941.49,16528.03
128,201509,1140.1,96.1,100.75,103,2220730.1,12138.2,0.125,1.5,2.216,2.037,37325,27952.5,85.9,80.9,100.33,106.34,368114,120974.25,3.5,5,1962.81,16284.7
129,201510,1158.1,96.8,109.66,97,2239898.7,12171.5,0.125,1.5,2.088,2.142,36638.6,30211,84.5,82.2,99.65,106.92,369601,119639.71,3.5,5,2029.47,17663.54
130,201511,1172.5,96.5,106.13,94,2239271.9,12297.9,0.125,1.5,2.254,2.206,38496.2,27629,86.9,81.1,99.25,106.82,368463,117028.41,3.6,5.1,1991.97,17719.92
131,201512,1199.1,93.4,101.4,92,2247375,12427.3,0.375,1.5,2.181,2.269,36073,28126.2,85.1,79.3,99.02,106.92,367962,118457.36,3.5,5,1961.31,17425.03
132,201601,1236.7,93.4,96.32,95,2271577.1,12478.4,0.375,1.5,2.025,1.921,30644.3,25001.8,84.5,79.8,98.49,107.21,367293,117337.16,3.4,4.8,1912.06,16466.3
133,201602,1143.5,92.1,94.67,97,2285706.4,12517.1,0.375,1.5,1.826,1.735,30378.9,23077.9,84.6,79.1,98.49,107.41,365758,118986.57,3.9,4.9,1916.66,16516.5
134,201603,1139.3,93.8,103.73,101,2296468.4,12684.8,0.375,1.5,1.854,1.769,36273.7,26223.7,84.4,78.6,98.43,107.99,369840,118740.77,3.8,5,1995.85,17685.09
135,201604,1191.7,96.6,100.8,101,2295348,12778.6,0.375,1.5,1.81,1.833,34932.3,25064.5,85,77.4,98.67,107.99,372482,121269,3.6,5.1,1994.15,17773.64
136,201605,1151.8,94.8,96.88,103,2317399.5,12708.4,0.375,1.5,1.787,1.846,33366.9,25938.4,84,78.5,98.79,107.7,370897,119551,3.6,4.8,1983.4,17787.2
137,201606,1120.2,94.4,91.55,106,2337560.9,12789.0,0.375,1.25,1.617,1.47,38478.7,26213.1,85.1,77.3,99.02,107.8,369890,120439.49,3.5,4.9,1970.35,17929.99
138,201607,1114.8,95.7,104.94,107,2363007.4,12850.1,0.375,1.25,1.401,1.453,34226.4,26157.1,83.7,78.4,98.91,108.19,371384,120550.26,3.6,4.8,2016.19,18432.24
139,201608,1101.3,97.7,98.43,102,2380862,12946.7,0.375,1.25,1.417,1.58,34186.7,27087,85.2,77.2,99,107.99,375459,121880.11,4,4.9,2034.65,18400.88
140,201609,1144.5,97.2,90.38,103,2380204.9,13016.2,0.375,1.25,1.512,1.594,34441.9,26580.2,84.3,78.2,99.23,108.19,377770,121194.26,4,5,2043.63,18308.15
141,201610,1169.1,95.9,91.4,103,2393178,13079.4,0.375,1.25,1.596,1.826,35320.7,28071.3,84.1,80.1,99.53,108.77,375167,119118.53,3.8,4.9,2008.19,18142.42
142,201611,1207.7,95.4,91.49,109,2404426.4,13191.8,0.375,1.25,1.965,2.381,38189.3,29259.9,84.3,78.6,99.97,108.97,371985,115675.22,3.6,4.7,1983.48,19123.58
143,201612,1162.1,93.9,94.33,113,2407459.1,13299.9,0.625,1.25,2.159,2.444,37919.2,30551.9,84.1,79.8,100.85,109.26,371102,114671.33,3.4,4.7,2026.46,19762.6
144,201701,1130.7,95.8,98.53,119,2401547.9,13281.6,0.625,1.25,2.111,2.453,33699.8,30359.8,83.7,80.6,102.31,109.84,374036,115599.42,3.4,4.7,2067.57,19864.09
145,201702,1118.4,97.7,98.12,113,2427078.1,13305.6,0.625,1.25,2.163,2.39,35969,28571.2,83.3,78.9,102.71,109.84,373909,115837.93,3.9,4.6,2091.64,20812.24
146,201703,1137.9,100,100.7,113,2438307,13491.7,0.875,1.25,2.221,2.387,40524.9,32873.5,83.3,77.2,102.67,110.04,375302,116244.6,3.7,4.4,2160.23,20663.22
147,201704,1119.5,99.6,114.09,107,2446383.5,13565.0,0.875,1.25,2.182,2.28,43165.5,29824.7,84.9,78.6,102.44,110.14,376573,117402.4,3.9,4.4,2205.44,20940.51
148,201705,1144.1,100.6,115.67,107,2449939.4,13474.1,0.875,1.25,2.257,2.203,37517.4,30951.6,83.5,78.8,102.17,110.33,378456,118638.06,3.5,4.4,2347.38,21008.65
149,201706,1119,99.8,111.37,106,2463832.7,13522.1,1.125,1.25,2.165,2.304,43478.4,31553.3,84.8,77.8,101.77,110.62,380568,119301,3.7,4.3,2391.79,21349.63
150,201707,1127.8,99.1,111.31,107,2469631,13584.4,1.125,1.25,2.252,2.294,41499.1,30197.2,85,78.2,101.85,111.21,383756,120972.74,3.5,4.3,2402.71,21891.12
151,201708,1145.4,100.1,96,112,2483578.7,13653.7,1.125,1.25,2.287,2.117,40049.5,31977.4,85,78.9,102.31,111.21,384839,121810.56,4,4.4,2363.19,21948.1
152,201709,1120.4,98.9,101.27,117,2510203.7,13705.5,1.125,1.25,2.286,2.334,46885.3,32431.7,85.1,77.8,103,110.92,384674,121223.65,3.7,4.3,2394.47,22405.09
153,201710,1088.2,102,109.8,116,2502994.8,13750.7,1.125,1.25,2.455,2.379,38273.2,30029,85.4,79.3,103.11,111.6,384463,120045.88,3.7,4.2,2523.43,23377.24
154,201711,1070.5,102,116.95,114,2522962.9,13819.9,1.125,1.5,2.54,2.41,42090,32859.2,84.7,78.2,103.01,111.99,387251,121590.22,3.7,4.2,2476.37,24272.35
155,201712,1067.9,101.7,109.22,113,2530353.6,13945.0,1.375,1.5,2.472,2.405,41785.8,34365.5,85.2,78.9,103.06,112.48,389267,122178.43,3.6,4.1,2467.49,24719.22
156,201801,1082.8,99.4,112.79,119,2554843.7,13863.1,1.375,1.5,2.626,2.705,41391,36534.8,84.1,79.8,103.49,112.77,395755,125130.14,3.3,4,2566.46,26149.39
157,201802,1063.5,101,105.06,120,2569313.3,13849.1,1.375,1.5,2.77,2.861,37360.3,32982.5,83.9,79.1,103.93,113.26,394799,124899.54,3.7,4.1,2427.36,25029.2
158,201803,1068,97.8,103.38,118,2584208.4,14031.0,1.625,1.5,2.708,2.739,42617.3,34741.7,83.1,77.4,103.89,113.65,396754,125238.21,4.1,4,2445.85,24103.11
159,201804,1077.7,99.6,105.14,112,2584177.1,14069.5,1.625,1.5,2.655,2.953,41709.7,34219,83.7,78.3,104.02,113.84,398422,123503.61,3.8,4,2515.38,24163.15
160,201805,1114.5,101.8,105.63,118,2609834.8,13980.4,1.625,1.5,2.757,2.859,42098.3,35117,83.1,79,104.32,113.65,398981,122739.08,3.8,3.8,2423.01,24415.84
161,201806,1118.7,100.2,101.77,114,2632341.1,14074.7,1.875,1.5,2.656,2.86,43134.1,36078.1,84.4,80.2,104.35,113.65,400299,122161.87,3.6,4,2326.13,24271.41
162,201807,1112.9,95.4,91.39,120,2634789.9,14109.6,1.875,1.5,2.549,2.96,43967.8,36091.7,84.9,80.4,104.84,114.62,402448,124800.31,3.8,3.8,2295.26,25415.19
163,201808,1109.3,96.5,96.4,118,2642505.1,14164.9,1.875,1.5,2.458,2.86,43755,35981.5,85.5,81.1,105.31,114.13,401131,124496.92,4.6,3.8,2322.88,25964.82
164,201809,1139.6,99,101.08,116,2661729.3,14199.5,2.125,1.5,2.315,3.061,43730.6,33459.6,86.3,81.5,105.61,113.84,403000,123928.39,4.1,3.7,2343.07,26458.31
165,201810,1121.2,95,87.38,114,2682252.6,14201.4,2.125,1.5,2.338,3.144,46424.4,39844.1,84.6,82.2,105.25,113.74,402748,122990.37,4,3.8,2029.69,25115.76
166,201811,1115.7,94,93.82,111,2687143,14255.1,2.125,1.75,2.209,2.988,43809.2,38354.9,85.1,81.9,104.51,114.13,402987,123853.75,3.9,3.8,2096.86,25538.46
167,201812,1112.7,94.3,92.51,104,2700362.4,14448.8,2.375,1.75,1.992,2.684,40868.1,35732.5,84.8,81.2,104.01,114.72,403694,124984.56,3.7,3.9,2041.04,23327.46
168,201901,1124.7,91.9,97.39,104,2712849.6,14423.8,2.375,1.75,1.991,2.629,38143.5,36956,82.6,81.8,103.9,115.5,405513,125935.44,3.9,4,2204.85,24999.67
169,201902,1135.1,97.1,96.02,109,2739656.1,14401.9,2.375,1.75,1.988,2.715,32839,29513.2,83.2,80.5,104,115.59,404674,125504.03,3.8,3.8,2195.44,25916
170,201903,1168.2,96.3,95.9,112,2763165.2,14572.5,2.375,1.75,1.953,2.405,39272.2,32887.1,83.6,78.3,104.36,115.5,405253,125319.53,3.9,3.8,2140.67,25928.68
171,201904,1190.9,97.3,101.71,108,2760406.6,14623.0,2.375,1.75,1.889,2.502,40895.8,35651.1,83.8,79.1,104.66,115.69,404029,124739.11,4.1,3.6,2203.59,26592.91
172,201905,1154.7,93.9,94.94,111,2773218.1,14575.0,2.375,1.75,1.828,2.125,37625.1,35800.2,82.3,82.1,104.78,115.79,401972,127231,3.9,3.7,2041.74,24815.04
173,201906,1183.1,94.6,95.01,107,2813932.9,14734.8,2.375,1.75,1.618,2.005,36663.2,32478.6,83.3,81,104.48,115.3,403072,128590.13,3.9,3.6,2130.62,26599.96
174,201907,1211.2,91.7,89.57,108,2807361.7,14814.4,2.375,1.5,1.506,2.014,38271.4,34996.8,83.1,80,104.48,115.79,403113,127297.6,4,3.7,2024.55,26864.27
175,201908,1196.2,91,83.5,106,2848885.3,14896.1,2.125,1.5,1.254,1.496,37065.9,34605.9,84.2,81.5,104.73,115.3,401483,128943.4,3.5,3.7,1967.79,26403.28
176,201909,1163.4,93.7,95.32,107,2853964.3,14986.8,1.875,1.5,1.42,1.665,37874.8,31347.1,84.9,80.9,104.79,115.4,403320,128276.49,3.5,3.5,2063.05,26916.83
177,201910,1181.2,93,92.99,104,2871952.2,15112.2,1.625,1.25,1.577,1.691,39111.6,33364.3,83.8,80.6,104.54,115.98,406324,128883.28,3.5,3.6,2083.48,27046.23
178,201911,1156.4,93.9,104.01,103,2917439.1,15259.4,1.625,1.25,1.75,1.776,36702,32948.3,83.3,80.9,104.39,115.4,407460,128210.14,3.7,3.6,2087.96,28051.41
179,201912,1191.8,94.7,105.59,106,2913609.6,15412.5,1.625,1.25,1.653,1.918,38245.5,35016.1,83.7,80.2,104.68,115.11,408816,128928.01,3.5,3.6,2197.67,28538.44
180,202001,1213.7,97.2,102.02,109,2922453.1,15397.1,1.625,1.25,1.656,1.507,36288.3,35366.9,84.2,82.8,105.07,113.74,409653,129159.53,3.5,3.5,2119.01,28256.03
181,202002,1217.4,89.6,82.04,109,2977983.5,15382.3,1.625,1.25,1.54,1.149,34453.4,29631.1,84.2,80.1,104.73,114.33,409171,128870.22,3.4,3.5,1987.01,25409.36
182,202003,1218.2,68.6,71.21,103,2986838.8,16051.5,0.125,0.75,1.485,0.67,38472.6,32630.5,83.3,78.1,103.8,114.72,400214,128376.66,3.9,4.4,1754.64,21917.16
183,202004,1238.5,61.4,80.4,101,3011431.2,17097.7,0.125,0.75,1.504,0.627,30043.5,29586,82.8,78,102.9,115.4,403982,127394,3.9,14.7,1947.56,24633.86
184,202005,1203,63.4,90.36,96,3065842.1,17762.5,0.125,0.5,1.394,0.653,29356,26493.1,84.2,76.4,102.93,115.5,407311,129601.72,4.3,13.2,2029.6,25383.11
185,202006,1191.3,68.1,98.84,101,3083081.9,18099.1,0.125,0.5,1.392,0.656,32985.9,27309.9,84.1,76.3,103.45,115.69,410754,133215.59,4.2,11,2108.33,25812.88
186,202007,1187.8,76.8,106.02,102,3083834.8,18248.1,0.125,0.5,1.36,0.528,35465.4,30474.2,82.9,78.4,103.69,116.47,416526,140282.56,4.2,10.2,2249.37,26428.32
187,202008,1169.5,82.9,99.47,108,3092225.8,18315.1,0.125,0.5,1.373,0.705,33224.7,28137,84.2,78.6,104.2,116.28,418951,140825.23,3.7,8.4,2326.17,28430.05
188,202009,1135.1,77.1,99.39,108,3132300.8,18538.7,0.125,0.5,1.5,0.65,39824.9,30698.1,83.3,77.9,104.4,116.37,420545,139120.97,4.1,7.9,2327.89,27452.66
189,202010,1106.5,88.4,104.76,112,3162426.9,18684.8,0.125,0.5,1.507,0.874,36938.4,30393.1,82.4,77.7,103.99,117.84,426510,139706.25,4.2,6.9,2267.15,26501.6
190,202011,1086.3,91.4,112.67,104,3190796.7,18975.4,0.125,0.5,1.61,0.839,38061.8,30489.6,83.2,76.3,104.07,118.81,436377,141668.84,4.2,6.7,2591.34,29638.64
191,202012,1118.8,85.3,113.35,112,3199835.7,19242.5,0.125,0.5,1.675,0.913,43198.6,34057.4,84.2,76.3,104.89,119.88,443098,145752.46,4.3,6.7,2873.47,30606.48
192,202101,1123.5,92.6,114.01,124,3232213.3,19367.4,0.125,0.5,1.731,1.066,40003.1,35460.8,83.3,79.8,106.05,121.15,442728,144771.47,4.8,6.3,2976.21,29982.62
193,202102,1131.8,96.2,107.14,125,3289214.2,19518.7,0.125,0.5,1.845,1.405,36991.6,33726.9,82.7,79.5,106.92,122.32,447557,143696.74,4,6.2,3012.95,30932.37
194,202103,1112.3,101.2,114.07,128,3324920.8,19941.2,0.125,0.5,2.04,1.74,44177.5,38529.4,82.3,77.5,108.06,123.39,446127,141369.81,4,6.1,3061.42,32981.55
195,202104,1110.9,105.3,119.42,137,3343374.5,20263.3,0.125,0.5,2.041,1.626,42140.6,40203.3,82.3,79,109.09,124.58,452310,141191.51,3.8,6.1,3147.86,33874.85
196,202105,1126.1,105.4,115.54,136,3384519.7,20310.1,0.125,0.5,2.131,1.594,42319.3,37741.4,83.4,78.8,109.68,125.49,456459,142109.36,3.8,5.8,3203.92,34529.45
197,202106,1150.3,109.4,118.42,140,3418842.8,20431.2,0.125,0.5,2.103,1.468,45955.6,39668.2,83.9,78.7,110.26,125.84,454106,140332.32,3.7,5.9,3296.68,34502.51
198,202107,1159.5,103.8,117.3,140,3439194.8,20555.9,0.125,0.5,1.976,1.222,46872.8,42853.7,84.5,79.8,111.33,126.8,458681,140835.35,3.3,5.4,3202.32,34935.47
199,202108,1184,105.3,109.78,137,3489987.3,20748.6,0.125,0.75,1.905,1.309,45275.4,41586.5,85.2,80.6,111.91,127.77,463934,253060.1,3.2,5.2,3199.27,35360.73
200,202109,1168.6,104.5,106.41,133,3503617.5,20922.0,0.125,0.75,2.061,1.487,47131.5,41947.6,84.3,81.2,112.33,128.02,463972,252383.99,3,4.8,3068.82,33843.92
201,202110,1187.9,105.6,104.44,138,3563231.3,21088.6,0.125,0.75,2.399,1.552,46995.9,44208.7,84.4,82.1,113.5,129.7,469208,251098.96,3.2,4.5,2970.68,35819.56
202,202111,1188.8,106.3,110.79,139,3596418.3,21324.0,0.125,1,2.355,1.444,51374.8,47336.9,85.2,82.5,114.31,131.16,463908,249727.79,3.1,4.2,2839.01,34483.72
203,202112,1205.5,104.5,111.48,129,3613687.6,21646.7,0.125,1,2.187,1.51,51295.3,49604.2,84.5,81.1,114.29,133.72,463118.36,251568.25,3.6,3.9,2977.65,36338.3
204,202201,1202.3,105.7,103.28,134,3629712.4,21628.5,0.125,1.25,2.492,1.777,46456,51227.3,83.8,84.5,115.49,129.7,461527,249552.86,3.3,4,2663.34,35131.86
205,202202,1212.1,105.8,103.65,135,3657117.3,21582.5,0.125,1.25,2.69,1.825,45744.3,43657.8,84.5,81.6,116.04,131.17,461766,250691.9,2.8,3.8,2699.18,33892.6
206,202203,1255.9,103.5,103.64,153,3652818.7,21855.7,0.375,1.25,2.784,2.338,54293.6,52193,85.1,81.8,117.81,133.86,457810,246958.19,2.8,3.6,2757.65,34678.35
207,202204,1237.2,105.8,104.68,147,3675692.3,21848.1,0.375,1.5,3.219,2.934,48851.5,49646.4,84.5,82.5,119.72,134.68,449298,240221.75,2.8,3.6,2695.05,32977.21
