날짜,sofr,CD91,CD91-SOFR
2010-01-04,,2.88,
2010-01-05,,2.88,
2010-01-06,,2.88,
2010-01-07,,2.88,
2010-01-08,,2.88,
2010-01-11,,2.88,
2010-01-12,,2.88,
2010-01-13,,2.88,
2010-01-14,,2.88,
2010-01-15,,2.88,
2010-01-18,,2.88,
2010-01-19,,2.88,
2010-01-20,,2.88,
2010-01-21,,2.88,
2010-01-22,,2.88,
2010-01-25,,2.88,
2010-01-26,,2.88,
2010-01-27,,2.88,
2010-01-28,,2.88,
2010-01-29,,2.88,
2010-02-01,,2.88,
2010-02-02,,2.88,
2010-02-03,,2.88,
2010-02-04,,2.88,
2010-02-05,,2.88,
2010-02-08,,2.88,
2010-02-09,,2.88,
2010-02-10,,2.88,
2010-02-11,,2.88,
2010-02-12,,2.88,
2010-02-16,,2.88,
2010-02-17,,2.88,
2010-02-18,,2.88,
2010-02-19,,2.88,
2010-02-22,,2.88,
2010-02-23,,2.88,
2010-02-24,,2.88,
2010-02-25,,2.88,
2010-02-26,,2.88,
2010-03-02,,2.88,
2010-03-03,,2.88,
2010-03-04,,2.88,
2010-03-05,,2.86,
2010-03-08,,2.86,
2010-03-09,,2.86,
2010-03-10,,2.86,
2010-03-11,,2.84,
2010-03-12,,2.83,
2010-03-15,,2.83,
2010-03-16,,2.82,
2010-03-17,,2.82,
2010-03-18,,2.82,
2010-03-19,,2.82,
2010-03-22,,2.81,
2010-03-23,,2.81,
2010-03-24,,2.81,
2010-03-25,,2.81,
2010-03-26,,2.78,
2010-03-29,,2.78,
2010-03-30,,2.78,
2010-03-31,,2.78,
2010-04-01,,2.78,
2010-04-02,,2.78,
2010-04-05,,2.72,
2010-04-06,,2.63,
2010-04-07,,2.63,
2010-04-08,,2.53,
2010-04-09,,2.46,
2010-04-12,,2.45,
2010-04-13,,2.45,
2010-04-14,,2.45,
2010-04-15,,2.45,
2010-04-16,,2.45,
2010-04-19,,2.45,
2010-04-20,,2.45,
2010-04-21,,2.45,
2010-04-22,,2.45,
2010-04-23,,2.45,
2010-04-26,,2.45,
2010-04-27,,2.45,
2010-04-28,,2.45,
2010-04-29,,2.45,
2010-04-30,,2.45,
2010-05-03,,2.45,
2010-05-04,,2.45,
2010-05-06,,2.45,
2010-05-07,,2.45,
2010-05-10,,2.45,
2010-05-11,,2.45,
2010-05-12,,2.45,
2010-05-13,,2.45,
2010-05-14,,2.45,
2010-05-17,,2.45,
2010-05-18,,2.45,
2010-05-19,,2.45,
2010-05-20,,2.45,
2010-05-24,,2.45,
2010-05-25,,2.45,
2010-05-26,,2.45,
2010-05-27,,2.45,
2010-05-28,,2.45,
2010-05-31,,2.45,
2010-06-01,,2.45,
2010-06-03,,2.45,
2010-06-04,,2.45,
2010-06-07,,2.45,
2010-06-08,,2.45,
2010-06-09,,2.45,
2010-06-10,,2.45,
2010-06-11,,2.45,
2010-06-14,,2.45,
2010-06-15,,2.45,
2010-06-16,,2.45,
2010-06-17,,2.45,
2010-06-18,,2.45,
2010-06-21,,2.45,
2010-06-22,,2.45,
2010-06-23,,2.45,
2010-06-24,,2.46,
2010-06-25,,2.46,
2010-06-28,,2.46,
2010-06-29,,2.46,
2010-06-30,,2.46,
2010-07-01,,2.46,
2010-07-02,,2.46,
2010-07-05,,2.46,
2010-07-06,,2.46,
2010-07-07,,2.46,
2010-07-08,,2.46,
2010-07-09,,2.63,
2010-07-12,,2.63,
2010-07-13,,2.63,
2010-07-14,,2.63,
2010-07-15,,2.63,
2010-07-16,,2.63,
2010-07-19,,2.63,
2010-07-20,,2.63,
2010-07-21,,2.63,
2010-07-22,,2.63,
2010-07-23,,2.63,
2010-07-26,,2.63,
2010-07-27,,2.63,
2010-07-28,,2.63,
2010-07-29,,2.63,
2010-07-30,,2.63,
2010-08-02,,2.63,
2010-08-03,,2.63,
2010-08-04,,2.63,
2010-08-05,,2.63,
2010-08-06,,2.63,
2010-08-09,,2.63,
2010-08-10,,2.63,
2010-08-11,,2.63,
2010-08-12,,2.63,
2010-08-13,,2.63,
2010-08-16,,2.63,
2010-08-17,,2.63,
2010-08-18,,2.63,
2010-08-19,,2.63,
2010-08-20,,2.63,
2010-08-23,,2.63,
2010-08-24,,2.63,
2010-08-25,,2.63,
2010-08-26,,2.63,
2010-08-27,,2.63,
2010-08-30,,2.63,
2010-08-31,,2.66,
2010-09-01,,2.66,
2010-09-02,,2.66,
2010-09-03,,2.66,
2010-09-06,,2.66,
2010-09-07,,2.66,
2010-09-08,,2.66,
2010-09-09,,2.66,
2010-09-10,,2.66,
2010-09-13,,2.66,
2010-09-14,,2.66,
2010-09-15,,2.66,
2010-09-16,,2.66,
2010-09-17,,2.66,
2010-09-20,,2.66,
2010-09-24,,2.66,
2010-09-27,,2.66,
2010-09-28,,2.66,
2010-09-29,,2.66,
2010-09-30,,2.66,
2010-10-01,,2.66,
2010-10-04,,2.66,
2010-10-05,,2.66,
2010-10-06,,2.66,
2010-10-07,,2.66,
2010-10-08,,2.66,
2010-10-11,,2.66,
2010-10-12,,2.67,
2010-10-13,,2.68,
2010-10-14,,2.67,
2010-10-15,,2.66,
2010-10-18,,2.66,
2010-10-19,,2.66,
2010-10-20,,2.66,
2010-10-21,,2.66,
2010-10-22,,2.66,
2010-10-25,,2.66,
2010-10-26,,2.66,
2010-10-27,,2.66,
2010-10-28,,2.66,
2010-10-29,,2.66,
2010-11-01,,2.66,
2010-11-02,,2.66,
2010-11-03,,2.66,
2010-11-04,,2.66,
2010-11-05,,2.66,
2010-11-08,,2.66,
2010-11-09,,2.66,
2010-11-10,,2.66,
2010-11-11,,2.66,
2010-11-12,,2.66,
2010-11-15,,2.66,
2010-11-16,,2.8,
2010-11-17,,2.8,
2010-11-18,,2.8,
2010-11-19,,2.8,
2010-11-22,,2.8,
2010-11-23,,2.8,
2010-11-24,,2.8,
2010-11-25,,2.8,
2010-11-26,,2.8,
2010-11-29,,2.8,
2010-11-30,,2.8,
2010-12-01,,2.8,
2010-12-02,,2.8,
2010-12-03,,2.8,
2010-12-06,,2.8,
2010-12-07,,2.8,
2010-12-08,,2.8,
2010-12-09,,2.8,
2010-12-10,,2.8,
2010-12-13,,2.8,
2010-12-14,,2.8,
2010-12-15,,2.8,
2010-12-16,,2.8,
2010-12-17,,2.8,
2010-12-20,,2.8,
2010-12-21,,2.8,
2010-12-22,,2.8,
2010-12-23,,2.8,
2010-12-24,,2.8,
2010-12-27,,2.8,
2010-12-28,,2.8,
2010-12-29,,2.8,
2010-12-30,,2.8,
2010-12-31,,2.8,
2011-01-03,,2.8,
2011-01-04,,2.8,
2011-01-05,,2.8,
2011-01-06,,2.8,
2011-01-07,,2.8,
2011-01-10,,2.8,
2011-01-11,,2.8,
2011-01-12,,2.8,
2011-01-13,,2.98,
2011-01-14,,2.98,
2011-01-17,,2.98,
2011-01-18,,2.98,
2011-01-19,,2.98,
2011-01-20,,3.0,
2011-01-21,,3.0,
2011-01-24,,3.01,
2011-01-25,,3.01,
2011-01-26,,3.01,
2011-01-27,,3.02,
2011-01-28,,3.03,
2011-01-31,,3.05,
2011-02-01,,3.05,
2011-02-07,,3.08,
2011-02-08,,3.09,
2011-02-09,,3.09,
2011-02-10,,3.11,
2011-02-11,,3.12,
2011-02-14,,3.13,
2011-02-15,,3.13,
2011-02-16,,3.14,
2011-02-17,,3.15,
2011-02-18,,3.15,
2011-02-21,,3.15,
2011-02-22,,3.15,
2011-02-23,,3.15,
2011-02-24,,3.16,
2011-02-25,,3.16,
2011-02-28,,3.17,
2011-03-02,,3.17,
2011-03-03,,3.23,
2011-03-04,,3.27,
2011-03-07,,3.29,
2011-03-08,,3.3,
2011-03-09,,3.3,
2011-03-10,,3.39,
2011-03-11,,3.39,
2011-03-14,,3.39,
2011-03-15,,3.39,
2011-03-16,,3.39,
2011-03-17,,3.39,
2011-03-18,,3.39,
2011-03-21,,3.39,
2011-03-22,,3.39,
2011-03-23,,3.39,
2011-03-24,,3.39,
2011-03-25,,3.39,
2011-03-28,,3.39,
2011-03-29,,3.39,
2011-03-30,,3.39,
2011-03-31,,3.39,
2011-04-01,,3.39,
2011-04-04,,3.39,
2011-04-05,,3.39,
2011-04-06,,3.39,
2011-04-07,,3.39,
2011-04-08,,3.39,
2011-04-11,,3.4,
2011-04-12,,3.4,
2011-04-13,,3.4,
2011-04-14,,3.4,
2011-04-15,,3.4,
2011-04-18,,3.4,
2011-04-19,,3.4,
2011-04-20,,3.4,
2011-04-21,,3.4,
2011-04-22,,3.41,
2011-04-25,,3.41,
2011-04-26,,3.42,
2011-04-27,,3.42,
2011-04-28,,3.42,
2011-04-29,,3.42,
2011-05-02,,3.43,
2011-05-03,,3.46,
2011-05-04,,3.46,
2011-05-06,,3.46,
2011-05-09,,3.46,
2011-05-11,,3.46,
2011-05-12,,3.46,
2011-05-13,,3.46,
2011-05-16,,3.46,
2011-05-17,,3.46,
2011-05-18,,3.46,
2011-05-19,,3.46,
2011-05-20,,3.46,
2011-05-23,,3.46,
2011-05-24,,3.46,
2011-05-25,,3.46,
2011-05-26,,3.46,
2011-05-27,,3.46,
2011-05-30,,3.46,
2011-05-31,,3.46,
2011-06-01,,3.46,
2011-06-02,,3.46,
2011-06-03,,3.46,
2011-06-07,,3.46,
2011-06-08,,3.46,
2011-06-09,,3.46,
2011-06-10,,3.56,
2011-06-13,,3.56,
2011-06-14,,3.56,
2011-06-15,,3.56,
2011-06-16,,3.56,
2011-06-17,,3.56,
2011-06-20,,3.56,
2011-06-21,,3.56,
2011-06-22,,3.56,
2011-06-23,,3.56,
2011-06-24,,3.56,
2011-06-27,,3.56,
2011-06-28,,3.57,
2011-06-29,,3.57,
2011-06-30,,3.57,
2011-07-01,,3.57,
2011-07-04,,3.57,
2011-07-05,,3.58,
2011-07-06,,3.58,
2011-07-07,,3.59,
2011-07-08,,3.59,
2011-07-11,,3.59,
2011-07-12,,3.59,
2011-07-13,,3.59,
2011-07-14,,3.59,
2011-07-15,,3.59,
2011-07-18,,3.59,
2011-07-19,,3.59,
2011-07-20,,3.59,
2011-07-21,,3.59,
2011-07-22,,3.59,
2011-07-25,,3.59,
2011-07-26,,3.59,
2011-07-27,,3.59,
2011-07-28,,3.59,
2011-07-29,,3.59,
2011-08-01,,3.59,
2011-08-02,,3.59,
2011-08-03,,3.59,
2011-08-04,,3.59,
2011-08-05,,3.59,
2011-08-08,,3.59,
2011-08-09,,3.59,
2011-08-10,,3.59,
2011-08-11,,3.59,
2011-08-12,,3.59,
2011-08-16,,3.59,
2011-08-17,,3.59,
2011-08-18,,3.59,
2011-08-19,,3.59,
2011-08-22,,3.59,
2011-08-23,,3.59,
2011-08-24,,3.59,
2011-08-25,,3.59,
2011-08-26,,3.59,
2011-08-29,,3.59,
2011-08-30,,3.59,
2011-08-31,,3.59,
2011-09-01,,3.59,
2011-09-02,,3.59,
2011-09-05,,3.58,
2011-09-06,,3.58,
2011-09-07,,3.58,
2011-09-08,,3.58,
2011-09-09,,3.58,
2011-09-14,,3.58,
2011-09-15,,3.58,
2011-09-16,,3.58,
2011-09-19,,3.58,
2011-09-20,,3.58,
2011-09-21,,3.58,
2011-09-22,,3.58,
2011-09-23,,3.58,
2011-09-26,,3.58,
2011-09-27,,3.58,
2011-09-28,,3.58,
2011-09-29,,3.58,
2011-09-30,,3.58,
2011-10-04,,3.58,
2011-10-05,,3.58,
2011-10-06,,3.58,
2011-10-07,,3.58,
2011-10-10,,3.58,
2011-10-11,,3.58,
2011-10-12,,3.58,
2011-10-13,,3.58,
2011-10-14,,3.58,
2011-10-17,,3.58,
2011-10-18,,3.57,
2011-10-19,,3.57,
2011-10-20,,3.57,
2011-10-21,,3.57,
2011-10-24,,3.57,
2011-10-25,,3.57,
2011-10-26,,3.57,
2011-10-27,,3.57,
2011-10-28,,3.57,
2011-10-31,,3.57,
2011-11-01,,3.57,
2011-11-02,,3.57,
2011-11-03,,3.57,
2011-11-04,,3.57,
2011-11-07,,3.57,
2011-11-08,,3.57,
2011-11-09,,3.57,
2011-11-10,,3.57,
2011-11-11,,3.57,
2011-11-14,,3.57,
2011-11-15,,3.57,
2011-11-16,,3.57,
2011-11-17,,3.55,
2011-11-18,,3.55,
2011-11-21,,3.55,
2011-11-22,,3.55,
2011-11-23,,3.55,
2011-11-24,,3.55,
2011-11-25,,3.55,
2011-11-28,,3.55,
2011-11-29,,3.55,
2011-11-30,,3.55,
2011-12-01,,3.55,
2011-12-02,,3.55,
2011-12-05,,3.55,
2011-12-06,,3.55,
2011-12-07,,3.55,
2011-12-08,,3.55,
2011-12-09,,3.55,
2011-12-12,,3.55,
2011-12-13,,3.55,
2011-12-14,,3.55,
2011-12-15,,3.55,
2011-12-16,,3.55,
2011-12-19,,3.55,
2011-12-20,,3.55,
2011-12-21,,3.55,
2011-12-22,,3.55,
2011-12-23,,3.55,
2011-12-26,,3.55,
2011-12-27,,3.55,
2011-12-28,,3.55,
2011-12-29,,3.55,
2011-12-30,,3.55,
2012-01-02,,3.56,
2012-01-03,,3.56,
2012-01-04,,3.56,
2012-01-05,,3.56,
2012-01-06,,3.56,
2012-01-09,,3.56,
2012-01-10,,3.56,
2012-01-11,,3.56,
2012-01-12,,3.56,
2012-01-13,,3.56,
2012-01-16,,3.56,
2012-01-17,,3.56,
2012-01-18,,3.55,
2012-01-19,,3.54,
2012-01-20,,3.54,
2012-01-25,,3.54,
2012-01-26,,3.54,
2012-01-27,,3.54,
2012-01-30,,3.54,
2012-01-31,,3.54,
2012-02-01,,3.54,
2012-02-02,,3.54,
2012-02-03,,3.53,
2012-02-06,,3.53,
2012-02-07,,3.53,
2012-02-08,,3.53,
2012-02-09,,3.52,
2012-02-10,,3.52,
2012-02-13,,3.52,
2012-02-14,,3.52,
2012-02-15,,3.52,
2012-02-16,,3.52,
2012-02-17,,3.52,
2012-02-20,,3.52,
2012-02-21,,3.52,
2012-02-22,,3.52,
2012-02-23,,3.52,
2012-02-24,,3.52,
2012-02-27,,3.52,
2012-02-28,,3.53,
2012-02-29,,3.54,
2012-03-02,,3.54,
2012-03-05,,3.54,
2012-03-06,,3.54,
2012-03-07,,3.54,
2012-03-08,,3.54,
2012-03-09,,3.54,
2012-03-12,,3.54,
2012-03-13,,3.54,
2012-03-14,,3.54,
2012-03-15,,3.54,
2012-03-16,,3.54,
2012-03-19,,3.54,
2012-03-20,,3.54,
2012-03-21,,3.54,
2012-03-22,,3.54,
2012-03-23,,3.54,
2012-03-26,,3.55,
2012-03-27,,3.55,
2012-03-28,,3.55,
2012-03-29,,3.55,
2012-03-30,,3.55,
2012-04-02,,3.55,
2012-04-03,,3.55,
2012-04-04,,3.55,
2012-04-05,,3.55,
2012-04-06,,3.55,
2012-04-09,,3.54,
2012-04-10,,3.54,
2012-04-12,,3.54,
2012-04-13,,3.54,
2012-04-16,,3.54,
2012-04-17,,3.54,
2012-04-18,,3.54,
2012-04-19,,3.54,
2012-04-20,,3.54,
2012-04-23,,3.54,
2012-04-24,,3.54,
2012-04-25,,3.54,
2012-04-26,,3.54,
2012-04-27,,3.54,
2012-04-30,,3.54,
2012-05-02,,3.54,
2012-05-03,,3.54,
2012-05-04,,3.54,
2012-05-07,,3.54,
2012-05-08,,3.54,
2012-05-09,,3.54,
2012-05-10,,3.54,
2012-05-11,,3.54,
2012-05-14,,3.54,
2012-05-15,,3.54,
2012-05-16,,3.54,
2012-05-17,,3.54,
2012-05-18,,3.54,
2012-05-21,,3.54,
2012-05-22,,3.54,
2012-05-23,,3.54,
2012-05-24,,3.54,
2012-05-25,,3.54,
2012-05-29,,3.54,
2012-05-30,,3.54,
2012-05-31,,3.54,
2012-06-01,,3.54,
2012-06-04,,3.54,
2012-06-05,,3.54,
2012-06-07,,3.54,
2012-06-08,,3.54,
2012-06-11,,3.54,
2012-06-12,,3.54,
2012-06-13,,3.54,
2012-06-14,,3.54,
2012-06-15,,3.54,
2012-06-18,,3.54,
2012-06-19,,3.54,
2012-06-20,,3.54,
2012-06-21,,3.54,
2012-06-22,,3.54,
2012-06-25,,3.54,
2012-06-26,,3.54,
2012-06-27,,3.54,
2012-06-28,,3.54,
2012-06-29,,3.54,
2012-07-02,,3.54,
2012-07-03,,3.54,
2012-07-04,,3.54,
2012-07-05,,3.54,
2012-07-06,,3.54,
2012-07-09,,3.54,
2012-07-10,,3.54,
2012-07-11,,3.54,
2012-07-12,,3.27,
2012-07-13,,3.25,
2012-07-16,,3.25,
2012-07-17,,3.24,
2012-07-18,,3.23,
2012-07-19,,3.22,
2012-07-20,,3.21,
2012-07-23,,3.2,
2012-07-24,,3.2,
2012-07-25,,3.19,
2012-07-26,,3.19,
2012-07-27,,3.2,
2012-07-30,,3.2,
2012-07-31,,3.2,
2012-08-01,,3.2,
2012-08-02,,3.2,
2012-08-03,,3.2,
2012-08-06,,3.2,
2012-08-07,,3.2,
2012-08-08,,3.2,
2012-08-09,,3.2,
2012-08-10,,3.2,
2012-08-13,,3.2,
2012-08-14,,3.2,
2012-08-16,,3.21,
2012-08-17,,3.21,
2012-08-20,,3.21,
2012-08-21,,3.2,
2012-08-22,,3.19,
2012-08-23,,3.19,
2012-08-24,,3.19,
2012-08-27,,3.19,
2012-08-28,,3.18,
2012-08-29,,3.18,
2012-08-30,,3.17,
2012-08-31,,3.16,
2012-09-03,,3.16,
2012-09-04,,3.16,
2012-09-05,,3.16,
2012-09-06,,3.16,
2012-09-07,,3.16,
2012-09-10,,3.15,
2012-09-11,,3.15,
2012-09-12,,3.15,
2012-09-13,,3.15,
2012-09-14,,3.15,
2012-09-17,,3.15,
2012-09-18,,3.14,
2012-09-19,,3.13,
2012-09-20,,3.12,
2012-09-21,,3.12,
2012-09-24,,3.12,
2012-09-25,,3.11,
2012-09-26,,3.1,
2012-09-27,,3.1,
2012-09-28,,3.09,
2012-10-02,,3.09,
2012-10-04,,3.09,
2012-10-05,,3.09,
2012-10-08,,3.08,
2012-10-09,,3.08,
2012-10-10,,3.08,
2012-10-11,,2.9,
2012-10-12,,2.87,
2012-10-15,,2.87,
2012-10-16,,2.87,
2012-10-17,,2.87,
2012-10-18,,2.87,
2012-10-19,,2.87,
2012-10-22,,2.87,
2012-10-23,,2.86,
2012-10-24,,2.86,
2012-10-25,,2.85,
2012-10-26,,2.85,
2012-10-29,,2.85,
2012-10-30,,2.85,
2012-10-31,,2.85,
2012-11-01,,2.85,
2012-11-02,,2.85,
2012-11-05,,2.85,
2012-11-06,,2.85,
2012-11-07,,2.85,
2012-11-08,,2.85,
2012-11-09,,2.85,
2012-11-12,,2.85,
2012-11-13,,2.85,
2012-11-14,,2.85,
2012-11-15,,2.85,
2012-11-16,,2.85,
2012-11-19,,2.85,
2012-11-20,,2.85,
2012-11-21,,2.85,
2012-11-22,,2.85,
2012-11-23,,2.85,
2012-11-26,,2.85,
2012-11-27,,2.85,
2012-11-28,,2.85,
2012-11-29,,2.85,
2012-11-30,,2.85,
2012-12-03,,2.85,
2012-12-04,,2.85,
2012-12-05,,2.85,
2012-12-06,,2.85,
2012-12-07,,2.87,
2012-12-10,,2.88,
2012-12-11,,2.88,
2012-12-12,,2.89,
2012-12-13,,2.89,
2012-12-14,,2.89,
2012-12-17,,2.89,
2012-12-18,,2.89,
2012-12-20,,2.89,
2012-12-21,,2.89,
2012-12-24,,2.89,
2012-12-26,,2.89,
2012-12-27,,2.89,
2012-12-28,,2.89,
2012-12-31,,2.89,
2013-01-02,,2.89,
2013-01-03,,2.88,
2013-01-04,,2.88,
2013-01-07,,2.87,
2013-01-08,,2.87,
2013-01-09,,2.87,
2013-01-10,,2.87,
2013-01-11,,2.85,
2013-01-14,,2.85,
2013-01-15,,2.85,
2013-01-16,,2.85,
2013-01-17,,2.85,
2013-01-18,,2.85,
2013-01-21,,2.85,
2013-01-22,,2.85,
2013-01-23,,2.85,
2013-01-24,,2.84,
2013-01-25,,2.84,
2013-01-28,,2.84,
2013-01-29,,2.84,
2013-01-30,,2.84,
2013-01-31,,2.84,
2013-02-01,,2.84,
2013-02-04,,2.84,
2013-02-05,,2.84,
2013-02-06,,2.84,
2013-02-07,,2.84,
2013-02-08,,2.84,
2013-02-12,,2.84,
2013-02-13,,2.84,
2013-02-14,,2.83,
2013-02-15,,2.83,
2013-02-18,,2.83,
2013-02-19,,2.83,
2013-02-20,,2.83,
2013-02-21,,2.83,
2013-02-22,,2.83,
2013-02-25,,2.83,
2013-02-26,,2.82,
2013-02-27,,2.82,
2013-02-28,,2.82,
2013-03-04,,2.82,
2013-03-05,,2.82,
2013-03-06,,2.82,
2013-03-07,,2.82,
2013-03-08,,2.82,
2013-03-11,,2.82,
2013-03-12,,2.81,
2013-03-13,,2.81,
2013-03-14,,2.81,
2013-03-15,,2.81,
2013-03-18,,2.81,
2013-03-19,,2.81,
2013-03-20,,2.81,
2013-03-21,,2.81,
2013-03-22,,2.81,
2013-03-25,,2.81,
2013-03-26,,2.81,
2013-03-27,,2.81,
2013-03-28,,2.81,
2013-03-29,,2.81,
2013-04-01,,2.81,
2013-04-02,,2.81,
2013-04-03,,2.8,
2013-04-04,,2.8,
2013-04-05,,2.8,
2013-04-08,,2.8,
2013-04-09,,2.8,
2013-04-10,,2.8,
2013-04-11,,2.79,
2013-04-12,,2.79,
2013-04-15,,2.79,
2013-04-16,,2.79,
2013-04-17,,2.79,
2013-04-18,,2.79,
2013-04-19,,2.79,
2013-04-22,,2.79,
2013-04-23,,2.79,
2013-04-24,,2.79,
2013-04-25,,2.78,
2013-04-26,,2.79,
2013-04-29,,2.8,
2013-04-30,,2.81,
2013-05-02,,2.81,
2013-05-03,,2.81,
2013-05-06,,2.81,
2013-05-07,,2.81,
2013-05-08,,2.81,
2013-05-09,,2.69,
2013-05-10,,2.69,
2013-05-13,,2.69,
2013-05-14,,2.69,
2013-05-15,,2.69,
2013-05-16,,2.69,
2013-05-20,,2.69,
2013-05-21,,2.69,
2013-05-22,,2.69,
2013-05-23,,2.69,
2013-05-24,,2.69,
2013-05-27,,2.69,
2013-05-28,,2.69,
2013-05-29,,2.69,
2013-05-30,,2.69,
2013-05-31,,2.69,
2013-06-03,,2.69,
2013-06-04,,2.69,
2013-06-05,,2.69,
2013-06-07,,2.69,
2013-06-10,,2.69,
2013-06-11,,2.69,
2013-06-12,,2.69,
2013-06-13,,2.69,
2013-06-14,,2.69,
2013-06-17,,2.69,
2013-06-18,,2.69,
2013-06-19,,2.69,
2013-06-20,,2.69,
2013-06-21,,2.7,
2013-06-24,,2.69,
2013-06-25,,2.69,
2013-06-26,,2.69,
2013-06-27,,2.69,
2013-06-28,,2.69,
2013-07-01,,2.69,
2013-07-02,,2.69,
2013-07-03,,2.69,
2013-07-04,,2.69,
2013-07-05,,2.69,
2013-07-08,,2.69,
2013-07-09,,2.69,
2013-07-10,,2.69,
2013-07-11,,2.69,
2013-07-12,,2.69,
2013-07-15,,2.69,
2013-07-16,,2.69,
2013-07-17,,2.69,
2013-07-18,,2.69,
2013-07-19,,2.67,
2013-07-22,,2.67,
2013-07-23,,2.67,
2013-07-24,,2.66,
2013-07-25,,2.66,
2013-07-26,,2.66,
2013-07-29,,2.66,
2013-07-30,,2.66,
2013-07-31,,2.66,
2013-08-01,,2.66,
2013-08-02,,2.66,
2013-08-05,,2.66,
2013-08-06,,2.66,
2013-08-07,,2.66,
2013-08-08,,2.66,
2013-08-09,,2.66,
2013-08-12,,2.66,
2013-08-13,,2.66,
2013-08-14,,2.66,
2013-08-16,,2.66,
2013-08-19,,2.66,
2013-08-20,,2.66,
2013-08-21,,2.66,
2013-08-22,,2.66,
2013-08-23,,2.66,
2013-08-26,,2.66,
2013-08-27,,2.66,
2013-08-28,,2.66,
2013-08-29,,2.66,
2013-08-30,,2.66,
2013-09-02,,2.66,
2013-09-03,,2.66,
2013-09-04,,2.66,
2013-09-05,,2.66,
2013-09-06,,2.66,
2013-09-09,,2.66,
2013-09-10,,2.66,
2013-09-11,,2.66,
2013-09-12,,2.66,
2013-09-13,,2.66,
2013-09-16,,2.66,
2013-09-17,,2.66,
2013-09-23,,2.66,
2013-09-24,,2.66,
2013-09-25,,2.66,
2013-09-26,,2.66,
2013-09-27,,2.66,
2013-09-30,,2.66,
2013-10-01,,2.66,
2013-10-02,,2.66,
2013-10-04,,2.66,
2013-10-07,,2.66,
2013-10-08,,2.66,
2013-10-10,,2.66,
2013-10-11,,2.66,
2013-10-14,,2.66,
2013-10-15,,2.66,
2013-10-16,,2.66,
2013-10-17,,2.66,
2013-10-18,,2.66,
2013-10-21,,2.66,
2013-10-22,,2.66,
2013-10-23,,2.66,
2013-10-24,,2.66,
2013-10-25,,2.66,
2013-10-28,,2.66,
2013-10-29,,2.65,
2013-10-30,,2.65,
2013-10-31,,2.65,
2013-11-01,,2.65,
2013-11-04,,2.65,
2013-11-05,,2.65,
2013-11-06,,2.65,
2013-11-07,,2.65,
2013-11-08,,2.65,
2013-11-11,,2.65,
2013-11-12,,2.65,
2013-11-13,,2.65,
2013-11-14,,2.65,
2013-11-15,,2.65,
2013-11-18,,2.65,
2013-11-19,,2.65,
2013-11-20,,2.65,
2013-11-21,,2.65,
2013-11-22,,2.65,
2013-11-25,,2.65,
2013-11-26,,2.65,
2013-11-27,,2.65,
2013-11-28,,2.65,
2013-11-29,,2.65,
2013-12-02,,2.65,
2013-12-03,,2.65,
2013-12-04,,2.65,
2013-12-05,,2.65,
2013-12-06,,2.65,
2013-12-09,,2.65,
2013-12-10,,2.65,
2013-12-11,,2.65,
2013-12-12,,2.65,
2013-12-13,,2.65,
2013-12-16,,2.65,
2013-12-17,,2.65,
2013-12-18,,2.65,
2013-12-19,,2.65,
2013-12-20,,2.65,
2013-12-23,,2.65,
2013-12-24,,2.65,
2013-12-26,,2.65,
2013-12-27,,2.65,
2013-12-30,,2.66,
2013-12-31,,2.66,
2014-01-02,,2.66,
2014-01-03,,2.66,
2014-01-06,,2.66,
2014-01-07,,2.66,
2014-01-08,,2.66,
2014-01-09,,2.65,
2014-01-10,,2.65,
2014-01-13,,2.65,
2014-01-14,,2.65,
2014-01-15,,2.65,
2014-01-16,,2.65,
2014-01-17,,2.65,
2014-01-20,,2.65,
2014-01-21,,2.65,
2014-01-22,,2.65,
2014-01-23,,2.65,
2014-01-24,,2.65,
2014-01-27,,2.65,
2014-01-28,,2.65,
2014-01-29,,2.65,
2014-02-03,,2.65,
2014-02-04,,2.65,
2014-02-05,,2.65,
2014-02-06,,2.65,
2014-02-07,,2.65,
2014-02-10,,2.65,
2014-02-11,,2.65,
2014-02-12,,2.65,
2014-02-13,,2.65,
2014-02-14,,2.65,
2014-02-17,,2.65,
2014-02-18,,2.65,
2014-02-19,,2.65,
2014-02-20,,2.65,
2014-02-21,,2.65,
2014-02-24,,2.65,
2014-02-25,,2.65,
2014-02-26,,2.65,
2014-02-27,,2.65,
2014-02-28,,2.65,
2014-03-03,,2.65,
2014-03-04,,2.65,
2014-03-05,,2.65,
2014-03-06,,2.65,
2014-03-07,,2.65,
2014-03-10,,2.65,
2014-03-11,,2.65,
2014-03-12,,2.65,
2014-03-13,,2.65,
2014-03-14,,2.65,
2014-03-17,,2.65,
2014-03-18,,2.65,
2014-03-19,,2.65,
2014-03-20,,2.65,
2014-03-21,,2.65,
2014-03-24,,2.65,
2014-03-25,,2.65,
2014-03-26,,2.65,
2014-03-27,,2.65,
2014-03-28,,2.65,
2014-03-31,,2.65,
2014-04-01,,2.65,
2014-04-02,,2.65,
2014-04-03,,2.65,
2014-04-04,,2.65,
2014-04-07,,2.65,
2014-04-08,,2.65,
2014-04-09,,2.65,
2014-04-10,,2.65,
2014-04-11,,2.65,
2014-04-14,,2.65,
2014-04-15,,2.65,
2014-04-16,,2.65,
2014-04-17,,2.65,
2014-04-18,,2.65,
2014-04-21,,2.65,
2014-04-22,,2.65,
2014-04-23,,2.65,
2014-04-24,,2.65,
2014-04-25,,2.65,
2014-04-28,,2.65,
2014-04-29,,2.65,
2014-04-30,,2.65,
2014-05-02,,2.65,
2014-05-07,,2.65,
2014-05-08,,2.65,
2014-05-09,,2.65,
2014-05-12,,2.65,
2014-05-13,,2.65,
2014-05-14,,2.65,
2014-05-15,,2.65,
2014-05-16,,2.65,
2014-05-19,,2.65,
2014-05-20,,2.65,
2014-05-21,,2.65,
2014-05-22,,2.65,
2014-05-23,,2.65,
2014-05-26,,2.65,
2014-05-27,,2.65,
2014-05-28,,2.65,
2014-05-29,,2.65,
2014-05-30,,2.65,
2014-06-02,,2.65,
2014-06-03,,2.65,
2014-06-05,,2.65,
2014-06-09,,2.65,
2014-06-10,,2.65,
2014-06-11,,2.65,
2014-06-12,,2.65,
2014-06-13,,2.65,
2014-06-16,,2.65,
2014-06-17,,2.65,
2014-06-18,,2.65,
2014-06-19,,2.65,
2014-06-20,,2.65,
2014-06-23,,2.65,
2014-06-24,,2.65,
2014-06-25,,2.65,
2014-06-26,,2.65,
2014-06-27,,2.65,
2014-06-30,,2.65,
2014-07-01,,2.65,
2014-07-02,,2.65,
2014-07-03,,2.65,
2014-07-04,,2.65,
2014-07-07,,2.65,
2014-07-08,,2.65,
2014-07-09,,2.65,
2014-07-10,,2.65,
2014-07-11,,2.65,
2014-07-14,,2.65,
2014-07-15,,2.65,
2014-07-16,,2.65,
2014-07-17,,2.65,
2014-07-18,,2.65,
2014-07-21,,2.65,
2014-07-22,,2.65,
2014-07-23,,2.65,
2014-07-24,,2.65,
2014-07-25,,2.65,
2014-07-28,,2.65,
2014-07-29,,2.65,
2014-07-30,,2.65,
2014-07-31,,2.65,
2014-08-01,,2.65,
2014-08-04,,2.65,
2014-08-05,,2.65,
2014-08-06,,2.65,
2014-08-07,,2.65,
2014-08-08,,2.65,
2014-08-11,,2.63,
2014-08-12,,2.62,
2014-08-13,,2.61,
2014-08-14,,2.46,
2014-08-18,,2.43,
2014-08-19,,2.42,
2014-08-20,,2.42,
2014-08-21,,2.42,
2014-08-22,,2.41,
2014-08-25,,2.41,
2014-08-26,,2.4,
2014-08-27,,2.4,
2014-08-28,,2.4,
2014-08-29,,2.4,
2014-09-01,,2.4,
2014-09-02,,2.36,
2014-09-03,,2.36,
2014-09-04,,2.35,
2014-09-05,,2.35,
2014-09-11,,2.35,
2014-09-12,,2.35,
2014-09-15,,2.35,
2014-09-16,,2.35,
2014-09-17,,2.35,
2014-09-18,,2.35,
2014-09-19,,2.35,
2014-09-22,,2.35,
2014-09-23,,2.35,
2014-09-24,,2.35,
2014-09-25,,2.35,
2014-09-26,,2.35,
2014-09-29,,2.35,
2014-09-30,,2.35,
2014-10-01,,2.35,
2014-10-02,,2.35,
2014-10-06,,2.35,
2014-10-07,,2.31,
2014-10-08,,2.3,
2014-10-10,,2.29,
2014-10-13,,2.28,
2014-10-14,,2.28,
2014-10-15,,2.18,
2014-10-16,,2.17,
2014-10-17,,2.17,
2014-10-20,,2.16,
2014-10-21,,2.15,
2014-10-22,,2.15,
2014-10-23,,2.14,
2014-10-24,,2.14,
2014-10-27,,2.14,
2014-10-28,,2.14,
2014-10-29,,2.14,
2014-10-30,,2.14,
2014-10-31,,2.14,
2014-11-03,,2.14,
2014-11-04,,2.14,
2014-11-05,,2.14,
2014-11-06,,2.14,
2014-11-07,,2.14,
2014-11-10,,2.14,
2014-11-11,,2.14,
2014-11-12,,2.14,
2014-11-13,,2.14,
2014-11-14,,2.14,
2014-11-17,,2.14,
2014-11-18,,2.14,
2014-11-19,,2.14,
2014-11-20,,2.14,
2014-11-21,,2.14,
2014-11-24,,2.14,
2014-11-25,,2.13,
2014-11-26,,2.13,
2014-11-27,,2.13,
2014-11-28,,2.13,
2014-12-01,,2.13,
2014-12-02,,2.13,
2014-12-03,,2.13,
2014-12-04,,2.13,
2014-12-05,,2.13,
2014-12-08,,2.13,
2014-12-09,,2.13,
2014-12-10,,2.13,
2014-12-11,,2.13,
2014-12-12,,2.13,
2014-12-15,,2.13,
2014-12-16,,2.13,
2014-12-17,,2.13,
2014-12-18,,2.13,
2014-12-19,,2.13,
2014-12-22,,2.13,
2014-12-23,,2.13,
2014-12-24,,2.13,
2014-12-26,,2.13,
2014-12-29,,2.13,
2014-12-30,,2.13,
2014-12-31,,2.13,
2015-01-02,,2.13,
2015-01-05,,2.13,
2015-01-06,,2.13,
2015-01-07,,2.13,
2015-01-08,,2.13,
2015-01-09,,2.13,
2015-01-12,,2.13,
2015-01-13,,2.13,
2015-01-14,,2.13,
2015-01-15,,2.13,
2015-01-16,,2.13,
2015-01-19,,2.13,
2015-01-20,,2.13,
2015-01-21,,2.13,
2015-01-22,,2.13,
2015-01-23,,2.13,
2015-01-26,,2.13,
2015-01-27,,2.13,
2015-01-28,,2.12,
2015-01-29,,2.12,
2015-01-30,,2.12,
2015-02-02,,2.12,
2015-02-03,,2.12,
2015-02-04,,2.12,
2015-02-05,,2.12,
2015-02-06,,2.12,
2015-02-09,,2.12,
2015-02-10,,2.12,
2015-02-11,,2.12,
2015-02-12,,2.12,
2015-02-13,,2.12,
2015-02-16,,2.12,
2015-02-17,,2.12,
2015-02-23,,2.12,
2015-02-24,,2.1,
2015-02-25,,2.1,
2015-02-26,,2.1,
2015-02-27,,2.1,
2015-03-02,,2.1,
2015-03-03,,2.1,
2015-03-04,,2.1,
2015-03-05,,2.1,
2015-03-06,,2.1,
2015-03-09,,2.1,
2015-03-10,,2.1,
2015-03-11,,2.1,
2015-03-12,,1.91,
2015-03-13,,1.9,
2015-03-16,,1.89,
2015-03-17,,1.88,
2015-03-18,,1.87,
2015-03-19,,1.87,
2015-03-20,,1.86,
2015-03-23,,1.86,
2015-03-24,,1.86,
2015-03-25,,1.86,
2015-03-26,,1.86,
2015-03-27,,1.86,
2015-03-30,,1.85,
2015-03-31,,1.85,
2015-04-01,,1.85,
2015-04-02,,1.85,
2015-04-03,,1.85,
2015-04-06,,1.85,
2015-04-07,,1.83,
2015-04-08,,1.83,
2015-04-09,,1.82,
2015-04-10,,1.8,
2015-04-13,,1.8,
2015-04-14,,1.8,
2015-04-15,,1.8,
2015-04-16,,1.8,
2015-04-17,,1.8,
2015-04-20,,1.8,
2015-04-21,,1.8,
2015-04-22,,1.8,
2015-04-23,,1.8,
2015-04-24,,1.8,
2015-04-27,,1.8,
2015-04-28,,1.8,
2015-04-29,,1.8,
2015-04-30,,1.8,
2015-05-04,,1.8,
2015-05-06,,1.8,
2015-05-07,,1.8,
2015-05-08,,1.8,
2015-05-11,,1.8,
2015-05-12,,1.8,
2015-05-13,,1.8,
2015-05-14,,1.8,
2015-05-15,,1.8,
2015-05-18,,1.8,
2015-05-19,,1.8,
2015-05-20,,1.8,
2015-05-21,,1.8,
2015-05-22,,1.8,
2015-05-26,,1.8,
2015-05-27,,1.8,
2015-05-28,,1.8,
2015-05-29,,1.8,
2015-06-01,,1.8,
2015-06-02,,1.8,
2015-06-03,,1.8,
2015-06-04,,1.8,
2015-06-05,,1.8,
2015-06-08,,1.8,
2015-06-09,,1.8,
2015-06-10,,1.8,
2015-06-11,,1.65,
2015-06-12,,1.65,
2015-06-15,,1.65,
2015-06-16,,1.65,
2015-06-17,,1.65,
2015-06-18,,1.65,
2015-06-19,,1.65,
2015-06-22,,1.65,
2015-06-23,,1.65,
2015-06-24,,1.65,
2015-06-25,,1.65,
2015-06-26,,1.65,
2015-06-29,,1.65,
2015-06-30,,1.65,
2015-07-01,,1.65,
2015-07-02,,1.65,
2015-07-03,,1.65,
2015-07-06,,1.65,
2015-07-07,,1.65,
2015-07-08,,1.65,
2015-07-09,,1.65,
2015-07-10,,1.65,
2015-07-13,,1.65,
2015-07-14,,1.65,
2015-07-15,,1.65,
2015-07-16,,1.65,
2015-07-17,,1.65,
2015-07-20,,1.65,
2015-07-21,,1.65,
2015-07-22,,1.65,
2015-07-23,,1.65,
2015-07-24,,1.65,
2015-07-27,,1.64,
2015-07-28,,1.64,
2015-07-29,,1.64,
2015-07-30,,1.64,
2015-07-31,,1.64,
2015-08-03,,1.64,
2015-08-04,,1.64,
2015-08-05,,1.64,
2015-08-06,,1.64,
2015-08-07,,1.64,
2015-08-10,,1.64,
2015-08-11,,1.64,
2015-08-12,,1.64,
2015-08-13,,1.64,
2015-08-17,,1.64,
2015-08-18,,1.64,
2015-08-19,,1.64,
2015-08-20,,1.64,
2015-08-21,,1.64,
2015-08-24,,1.64,
2015-08-25,,1.64,
2015-08-26,,1.64,
2015-08-27,,1.64,
2015-08-28,,1.64,
2015-08-31,,1.63,
2015-09-01,,1.63,
2015-09-02,,1.61,
2015-09-03,,1.61,
2015-09-04,,1.6,
2015-09-07,,1.6,
2015-09-08,,1.6,
2015-09-09,,1.6,
2015-09-10,,1.6,
2015-09-11,,1.6,
2015-09-14,,1.6,
2015-09-15,,1.6,
2015-09-16,,1.6,
2015-09-17,,1.6,
2015-09-18,,1.6,
2015-09-21,,1.6,
2015-09-22,,1.6,
2015-09-23,,1.6,
2015-09-24,,1.6,
2015-09-25,,1.6,
2015-09-30,,1.59,
2015-10-01,,1.59,
2015-10-02,,1.59,
2015-10-05,,1.59,
2015-10-06,,1.59,
2015-10-07,,1.59,
2015-10-08,,1.59,
2015-10-12,,1.59,
2015-10-13,,1.58,
2015-10-14,,1.57,
2015-10-15,,1.57,
2015-10-16,,1.57,
2015-10-19,,1.57,
2015-10-20,,1.57,
2015-10-21,,1.57,
2015-10-22,,1.57,
2015-10-23,,1.57,
2015-10-26,,1.57,
2015-10-27,,1.57,
2015-10-28,,1.57,
2015-10-29,,1.57,
2015-10-30,,1.57,
2015-11-02,,1.57,
2015-11-03,,1.57,
2015-11-04,,1.57,
2015-11-05,,1.57,
2015-11-06,,1.57,
2015-11-09,,1.57,
2015-11-10,,1.57,
2015-11-11,,1.57,
2015-11-12,,1.58,
2015-11-13,,1.58,
2015-11-16,,1.58,
2015-11-17,,1.58,
2015-11-18,,1.58,
2015-11-19,,1.58,
2015-11-20,,1.58,
2015-11-23,,1.59,
2015-11-24,,1.59,
2015-11-25,,1.59,
2015-11-26,,1.62,
2015-11-27,,1.62,
2015-11-30,,1.66,
2015-12-01,,1.67,
2015-12-02,,1.67,
2015-12-03,,1.67,
2015-12-04,,1.67,
2015-12-07,,1.67,
2015-12-08,,1.67,
2015-12-09,,1.67,
2015-12-10,,1.67,
2015-12-11,,1.67,
2015-12-14,,1.67,
2015-12-15,,1.67,
2015-12-16,,1.67,
2015-12-17,,1.67,
2015-12-18,,1.67,
2015-12-21,,1.67,
2015-12-22,,1.67,
2015-12-23,,1.67,
2015-12-24,,1.67,
2015-12-28,,1.67,
2015-12-29,,1.67,
2015-12-30,,1.67,
2015-12-31,,1.67,
2016-01-04,,1.67,
2016-01-05,,1.67,
2016-01-06,,1.67,
2016-01-07,,1.67,
2016-01-08,,1.67,
2016-01-11,,1.67,
2016-01-12,,1.67,
2016-01-13,,1.67,
2016-01-14,,1.67,
2016-01-15,,1.67,
2016-01-18,,1.67,
2016-01-19,,1.67,
2016-01-20,,1.67,
2016-01-21,,1.67,
2016-01-22,,1.67,
2016-01-25,,1.65,
2016-01-26,,1.65,
2016-01-27,,1.65,
2016-01-28,,1.65,
2016-01-29,,1.65,
2016-02-01,,1.65,
2016-02-02,,1.65,
2016-02-03,,1.65,
2016-02-04,,1.65,
2016-02-05,,1.65,
2016-02-11,,1.64,
2016-02-12,,1.64,
2016-02-15,,1.64,
2016-02-16,,1.63,
2016-02-17,,1.63,
2016-02-18,,1.63,
2016-02-19,,1.63,
2016-02-22,,1.63,
2016-02-23,,1.63,
2016-02-24,,1.63,
2016-02-25,,1.63,
2016-02-26,,1.63,
2016-02-29,,1.63,
2016-03-02,,1.63,
2016-03-03,,1.63,
2016-03-04,,1.63,
2016-03-07,,1.63,
2016-03-08,,1.63,
2016-03-09,,1.63,
2016-03-10,,1.63,
2016-03-11,,1.63,
2016-03-14,,1.63,
2016-03-15,,1.63,
2016-03-16,,1.63,
2016-03-17,,1.63,
2016-03-18,,1.63,
2016-03-21,,1.63,
2016-03-22,,1.63,
2016-03-23,,1.63,
2016-03-24,,1.63,
2016-03-25,,1.63,
2016-03-28,,1.61,
2016-03-29,,1.61,
2016-03-30,,1.61,
2016-03-31,,1.61,
2016-04-01,,1.61,
2016-04-04,,1.61,
2016-04-05,,1.61,
2016-04-06,,1.61,
2016-04-07,,1.61,
2016-04-08,,1.61,
2016-04-11,,1.61,
2016-04-12,,1.61,
2016-04-14,,1.61,
2016-04-15,,1.61,
2016-04-18,,1.61,
2016-04-19,,1.61,
2016-04-20,,1.61,
2016-04-21,,1.61,
2016-04-22,,1.61,
2016-04-25,,1.61,
2016-04-26,,1.61,
2016-04-27,,1.61,
2016-04-28,,1.61,
2016-04-29,,1.61,
2016-05-02,,1.61,
2016-05-03,,1.61,
2016-05-04,,1.61,
2016-05-09,,1.61,
2016-05-10,,1.6,
2016-05-11,,1.6,
2016-05-12,,1.6,
2016-05-13,,1.6,
2016-05-16,,1.58,
2016-05-17,,1.58,
2016-05-18,,1.58,
2016-05-19,,1.56,
2016-05-20,,1.56,
2016-05-23,,1.56,
2016-05-24,,1.56,
2016-05-25,,1.56,
2016-05-26,,1.56,
2016-05-27,,1.56,
2016-05-30,,1.56,
2016-05-31,,1.56,
2016-06-01,,1.56,
2016-06-02,,1.56,
2016-06-03,,1.56,
2016-06-07,,1.56,
2016-06-08,,1.56,
2016-06-09,,1.39,
2016-06-10,,1.39,
2016-06-13,,1.39,
2016-06-14,,1.39,
2016-06-15,,1.39,
2016-06-16,,1.39,
2016-06-17,,1.39,
2016-06-20,,1.39,
2016-06-21,,1.39,
2016-06-22,,1.39,
2016-06-23,,1.39,
2016-06-24,,1.37,
2016-06-27,,1.37,
2016-06-28,,1.37,
2016-06-29,,1.37,
2016-06-30,,1.37,
2016-07-01,,1.37,
2016-07-04,,1.37,
2016-07-05,,1.37,
2016-07-06,,1.37,
2016-07-07,,1.36,
2016-07-08,,1.36,
2016-07-11,,1.36,
2016-07-12,,1.36,
2016-07-13,,1.36,
2016-07-14,,1.36,
2016-07-15,,1.36,
2016-07-18,,1.36,
2016-07-19,,1.36,
2016-07-20,,1.36,
2016-07-21,,1.36,
2016-07-22,,1.36,
2016-07-25,,1.36,
2016-07-26,,1.36,
2016-07-27,,1.36,
2016-07-28,,1.36,
2016-07-29,,1.36,
2016-08-01,,1.36,
2016-08-02,,1.36,
2016-08-03,,1.36,
2016-08-04,,1.36,
2016-08-05,,1.36,
2016-08-08,,1.36,
2016-08-09,,1.36,
2016-08-10,,1.36,
2016-08-11,,1.35,
2016-08-12,,1.35,
2016-08-16,,1.35,
2016-08-17,,1.35,
2016-08-18,,1.34,
2016-08-19,,1.34,
2016-08-22,,1.34,
2016-08-23,,1.34,
2016-08-24,,1.34,
2016-08-25,,1.34,
2016-08-26,,1.34,
2016-08-29,,1.34,
2016-08-30,,1.34,
2016-08-31,,1.34,
2016-09-01,,1.34,
2016-09-02,,1.34,
2016-09-05,,1.34,
2016-09-06,,1.34,
2016-09-07,,1.34,
2016-09-08,,1.34,
2016-09-09,,1.34,
2016-09-12,,1.34,
2016-09-13,,1.34,
2016-09-19,,1.34,
2016-09-20,,1.34,
2016-09-21,,1.34,
2016-09-22,,1.34,
2016-09-23,,1.34,
2016-09-26,,1.34,
2016-09-27,,1.34,
2016-09-28,,1.34,
2016-09-29,,1.34,
2016-09-30,,1.34,
2016-10-04,,1.34,
2016-10-05,,1.34,
2016-10-06,,1.34,
2016-10-07,,1.34,
2016-10-10,,1.34,
2016-10-11,,1.34,
2016-10-12,,1.34,
2016-10-13,,1.34,
2016-10-14,,1.34,
2016-10-17,,1.34,
2016-10-18,,1.34,
2016-10-19,,1.34,
2016-10-20,,1.34,
2016-10-21,,1.36,
2016-10-24,,1.37,
2016-10-25,,1.38,
2016-10-26,,1.39,
2016-10-27,,1.39,
2016-10-28,,1.39,
2016-10-31,,1.39,
2016-11-01,,1.39,
2016-11-02,,1.39,
2016-11-03,,1.39,
2016-11-04,,1.39,
2016-11-07,,1.39,
2016-11-08,,1.39,
2016-11-09,,1.39,
2016-11-10,,1.39,
2016-11-11,,1.39,
2016-11-14,,1.39,
2016-11-15,,1.39,
2016-11-16,,1.39,
2016-11-17,,1.4,
2016-11-18,,1.4,
2016-11-21,,1.41,
2016-11-22,,1.42,
2016-11-23,,1.43,
2016-11-24,,1.46,
2016-11-25,,1.48,
2016-11-28,,1.49,
2016-11-29,,1.52,
2016-11-30,,1.52,
2016-12-01,,1.53,
2016-12-02,,1.54,
2016-12-05,,1.54,
2016-12-06,,1.54,
2016-12-07,,1.54,
2016-12-08,,1.54,
2016-12-09,,1.54,
2016-12-12,,1.54,
2016-12-13,,1.54,
2016-12-14,,1.54,
2016-12-15,,1.54,
2016-12-16,,1.54,
2016-12-19,,1.54,
2016-12-20,,1.54,
2016-12-21,,1.54,
2016-12-22,,1.54,
2016-12-23,,1.54,
2016-12-26,,1.54,
2016-12-27,,1.54,
2016-12-28,,1.53,
2016-12-29,,1.52,
2016-12-30,,1.52,
2017-01-02,,1.52,
2017-01-03,,1.52,
2017-01-04,,1.51,
2017-01-05,,1.51,
2017-01-06,,1.49,
2017-01-09,,1.49,
2017-01-10,,1.49,
2017-01-11,,1.49,
2017-01-12,,1.49,
2017-01-13,,1.49,
2017-01-16,,1.49,
2017-01-17,,1.49,
2017-01-18,,1.49,
2017-01-19,,1.49,
2017-01-20,,1.49,
2017-01-23,,1.49,
2017-01-24,,1.49,
2017-01-25,,1.49,
2017-01-26,,1.49,
2017-01-31,,1.49,
2017-02-01,,1.49,
2017-02-02,,1.49,
2017-02-03,,1.49,
2017-02-06,,1.49,
2017-02-07,,1.49,
2017-02-08,,1.49,
2017-02-09,,1.49,
2017-02-10,,1.49,
2017-02-13,,1.49,
2017-02-14,,1.49,
2017-02-15,,1.49,
2017-02-16,,1.49,
2017-02-17,,1.49,
2017-02-20,,1.49,
2017-02-21,,1.49,
2017-02-22,,1.49,
2017-02-23,,1.49,
2017-02-24,,1.49,
2017-02-27,,1.49,
2017-02-28,,1.49,
2017-03-02,,1.49,
2017-03-03,,1.49,
2017-03-06,,1.49,
2017-03-07,,1.49,
2017-03-08,,1.49,
2017-03-09,,1.49,
2017-03-10,,1.49,
2017-03-13,,1.49,
2017-03-14,,1.49,
2017-03-15,,1.49,
2017-03-16,,1.48,
2017-03-17,,1.48,
2017-03-20,,1.48,
2017-03-21,,1.48,
2017-03-22,,1.48,
2017-03-23,,1.47,
2017-03-24,,1.47,
2017-03-27,,1.47,
2017-03-28,,1.47,
2017-03-29,,1.45,
2017-03-30,,1.45,
2017-03-31,,1.45,
2017-04-03,,1.45,
2017-04-04,,1.45,
2017-04-05,,1.45,
2017-04-06,,1.45,
2017-04-07,,1.45,
2017-04-10,,1.45,
2017-04-11,,1.45,
2017-04-12,,1.43,
2017-04-13,,1.43,
2017-04-14,,1.42,
2017-04-17,,1.42,
2017-04-18,,1.42,
2017-04-19,,1.42,
2017-04-20,,1.42,
2017-04-21,,1.42,
2017-04-24,,1.42,
2017-04-25,,1.42,
2017-04-26,,1.41,
2017-04-27,,1.41,
2017-04-28,,1.41,
2017-05-02,,1.41,
2017-05-04,,1.41,
2017-05-08,,1.41,
2017-05-10,,1.41,
2017-05-11,,1.4,
2017-05-12,,1.4,
2017-05-15,,1.4,
2017-05-16,,1.4,
2017-05-17,,1.39,
2017-05-18,,1.39,
2017-05-19,,1.39,
2017-05-22,,1.39,
2017-05-23,,1.38,
2017-05-24,,1.38,
2017-05-25,,1.38,
2017-05-26,,1.38,
2017-05-29,,1.38,
2017-05-30,,1.38,
2017-05-31,,1.38,
2017-06-01,,1.38,
2017-06-02,,1.38,
2017-06-05,,1.38,
2017-06-07,,1.38,
2017-06-08,,1.38,
2017-06-09,,1.38,
2017-06-12,,1.38,
2017-06-13,,1.38,
2017-06-14,,1.38,
2017-06-15,,1.38,
2017-06-16,,1.38,
2017-06-19,,1.38,
2017-06-20,,1.38,
2017-06-21,,1.38,
2017-06-22,,1.38,
2017-06-23,,1.38,
2017-06-26,,1.38,
2017-06-27,,1.38,
2017-06-28,,1.38,
2017-06-29,,1.38,
2017-06-30,,1.38,
2017-07-03,,1.38,
2017-07-04,,1.38,
2017-07-05,,1.38,
2017-07-06,,1.39,
2017-07-07,,1.39,
2017-07-10,,1.39,
2017-07-11,,1.39,
2017-07-12,,1.39,
2017-07-13,,1.39,
2017-07-14,,1.39,
2017-07-17,,1.39,
2017-07-18,,1.39,
2017-07-19,,1.39,
2017-07-20,,1.39,
2017-07-21,,1.39,
2017-07-24,,1.39,
2017-07-25,,1.39,
2017-07-26,,1.39,
2017-07-27,,1.39,
2017-07-28,,1.39,
2017-07-31,,1.39,
2017-08-01,,1.39,
2017-08-02,,1.39,
2017-08-03,,1.39,
2017-08-04,,1.39,
2017-08-07,,1.39,
2017-08-08,,1.39,
2017-08-09,,1.39,
2017-08-10,,1.39,
2017-08-11,,1.39,
2017-08-14,,1.39,
2017-08-16,,1.39,
2017-08-17,,1.39,
2017-08-18,,1.39,
2017-08-21,,1.39,
2017-08-22,,1.39,
2017-08-23,,1.39,
2017-08-24,,1.39,
2017-08-25,,1.39,
2017-08-28,,1.39,
2017-08-29,,1.38,
2017-08-30,,1.38,
2017-08-31,,1.38,
2017-09-01,,1.38,
2017-09-04,,1.38,
2017-09-05,,1.38,
2017-09-06,,1.38,
2017-09-07,,1.38,
2017-09-08,,1.38,
2017-09-11,,1.38,
2017-09-12,,1.38,
2017-09-13,,1.38,
2017-09-14,,1.38,
2017-09-15,,1.38,
2017-09-18,,1.38,
2017-09-19,,1.38,
2017-09-20,,1.38,
2017-09-21,,1.38,
2017-09-22,,1.38,
2017-09-25,,1.38,
2017-09-26,,1.38,
2017-09-27,,1.38,
2017-09-28,,1.38,
2017-09-29,,1.38,
2017-10-10,,1.38,
2017-10-11,,1.38,
2017-10-12,,1.38,
2017-10-13,,1.38,
2017-10-16,,1.38,
2017-10-17,,1.38,
2017-10-18,,1.38,
2017-10-19,,1.38,
2017-10-20,,1.38,
2017-10-23,,1.38,
2017-10-24,,1.38,
2017-10-25,,1.38,
2017-10-26,,1.38,
2017-10-27,,1.4,
2017-10-30,,1.4,
2017-10-31,,1.4,
2017-11-01,,1.4,
2017-11-02,,1.4,
2017-11-03,,1.4,
2017-11-06,,1.4,
2017-11-07,,1.4,
2017-11-08,,1.4,
2017-11-09,,1.4,
2017-11-10,,1.4,
2017-11-13,,1.41,
2017-11-14,,1.42,
2017-11-15,,1.43,
2017-11-16,,1.44,
2017-11-17,,1.45,
2017-11-20,,1.46,
2017-11-21,,1.47,
2017-11-22,,1.48,
2017-11-23,,1.49,
2017-11-24,,1.5,
2017-11-27,,1.5,
2017-11-28,,1.5,
2017-11-29,,1.51,
2017-11-30,,1.64,
2017-12-01,,1.66,
2017-12-04,,1.66,
2017-12-05,,1.66,
2017-12-06,,1.66,
2017-12-07,,1.66,
2017-12-08,,1.66,
2017-12-11,,1.66,
2017-12-12,,1.66,
2017-12-13,,1.66,
2017-12-14,,1.66,
2017-12-15,,1.66,
2017-12-18,,1.66,
2017-12-19,,1.66,
2017-12-20,,1.66,
2017-12-21,,1.66,
2017-12-22,,1.66,
2017-12-26,,1.66,
2017-12-27,,1.66,
2017-12-28,,1.66,
2017-12-29,,1.66,
2018-01-02,,1.66,
2018-01-03,,1.66,
2018-01-04,,1.66,
2018-01-05,,1.66,
2018-01-08,,1.66,
2018-01-09,,1.66,
2018-01-10,,1.66,
2018-01-11,,1.66,
2018-01-12,,1.66,
2018-01-15,,1.66,
2018-01-16,,1.66,
2018-01-17,,1.65,
2018-01-18,,1.65,
2018-01-19,,1.65,
2018-01-22,,1.65,
2018-01-23,,1.65,
2018-01-24,,1.65,
2018-01-25,,1.65,
2018-01-26,,1.65,
2018-01-29,,1.65,
2018-01-30,,1.65,
2018-01-31,,1.65,
2018-02-01,,1.65,
2018-02-02,,1.65,
2018-02-05,,1.65,
2018-02-06,,1.65,
2018-02-07,,1.65,
2018-02-08,,1.65,
2018-02-09,,1.65,
2018-02-12,,1.65,
2018-02-13,,1.65,
2018-02-14,,1.65,
2018-02-19,,1.65,
2018-02-20,,1.65,
2018-02-21,,1.65,
2018-02-22,,1.65,
2018-02-23,,1.65,
2018-02-26,,1.65,
2018-02-27,,1.65,
2018-02-28,,1.65,
2018-03-02,,1.65,
2018-03-05,,1.65,
2018-03-06,,1.65,
2018-03-07,,1.65,
2018-03-08,,1.65,
2018-03-09,,1.65,
2018-03-12,,1.65,
2018-03-13,,1.65,
2018-03-14,,1.65,
2018-03-15,,1.65,
2018-03-16,,1.65,
2018-03-19,,1.65,
2018-03-20,,1.65,
2018-03-21,,1.65,
2018-03-22,,1.65,
2018-03-23,,1.65,
2018-03-26,,1.65,
2018-03-27,,1.65,
2018-03-28,,1.65,
2018-03-29,,1.65,
2018-03-30,,1.65,
2018-04-02,1.8,1.65,-0.15000000000000013
2018-04-03,1.83,1.65,-0.18000000000000016
2018-04-04,1.74,1.65,-0.09000000000000008
2018-04-05,1.75,1.65,-0.10000000000000009
2018-04-06,1.75,1.65,-0.10000000000000009
2018-04-09,1.75,1.65,-0.10000000000000009
2018-04-10,1.75,1.65,-0.10000000000000009
2018-04-11,1.76,1.65,-0.1100000000000001
2018-04-12,1.73,1.65,-0.08000000000000007
2018-04-13,1.72,1.65,-0.07000000000000006
2018-04-16,1.77,1.65,-0.1200000000000001
2018-04-17,1.76,1.65,-0.1100000000000001
2018-04-18,1.75,1.65,-0.10000000000000009
2018-04-19,1.73,1.65,-0.08000000000000007
2018-04-20,1.72,1.65,-0.07000000000000006
2018-04-23,1.7,1.65,-0.050000000000000044
2018-04-24,1.71,1.65,-0.06000000000000005
2018-04-25,1.71,1.65,-0.06000000000000005
2018-04-26,1.72,1.65,-0.07000000000000006
2018-04-27,1.72,1.65,-0.07000000000000006
2018-04-30,1.77,1.65,-0.1200000000000001
2018-05-01,1.76,1.65,-0.1100000000000001
2018-05-02,1.75,1.65,-0.10000000000000009
2018-05-03,1.74,1.65,-0.09000000000000008
2018-05-04,1.72,1.65,-0.07000000000000006
2018-05-07,1.71,1.65,-0.06000000000000005
2018-05-08,1.72,1.65,-0.07000000000000006
2018-05-09,1.72,1.65,-0.07000000000000006
2018-05-10,1.73,1.65,-0.08000000000000007
2018-05-11,1.73,1.65,-0.08000000000000007
2018-05-14,1.75,1.65,-0.10000000000000009
2018-05-15,1.79,1.65,-0.14000000000000012
2018-05-16,1.75,1.65,-0.10000000000000009
2018-05-17,1.74,1.65,-0.09000000000000008
2018-05-18,1.73,1.65,-0.08000000000000007
2018-05-21,1.69,1.65,-0.040000000000000036
2018-05-22,1.65,1.65,0.0
2018-05-23,1.67,1.65,-0.020000000000000018
2018-05-24,1.74,1.65,-0.09000000000000008
2018-05-25,1.73,1.65,-0.08000000000000007
2018-05-28,1.725,1.65,-0.07500000000000018
2018-05-29,1.72,1.65,-0.07000000000000006
2018-05-30,1.72,1.65,-0.07000000000000006
2018-05-31,1.81,1.65,-0.16000000000000014
2018-06-01,1.81,1.65,-0.16000000000000014
2018-06-04,1.8,1.65,-0.15000000000000013
2018-06-05,1.75,1.65,-0.10000000000000009
2018-06-06,1.73,1.65,-0.08000000000000007
2018-06-07,1.71,1.65,-0.06000000000000005
2018-06-08,1.69,1.65,-0.040000000000000036
2018-06-11,1.69,1.65,-0.040000000000000036
2018-06-12,1.67,1.65,-0.020000000000000018
2018-06-13,1.71,1.65,-0.06000000000000005
2018-06-14,1.9,1.65,-0.25
2018-06-15,1.91,1.65,-0.26
2018-06-18,1.9,1.65,-0.25
2018-06-19,1.88,1.65,-0.22999999999999998
2018-06-20,1.87,1.65,-0.2200000000000002
2018-06-21,1.87,1.65,-0.2200000000000002
2018-06-22,1.92,1.65,-0.27
2018-06-25,1.91,1.65,-0.26
2018-06-26,1.9,1.65,-0.25
2018-06-27,1.9,1.65,-0.25
2018-06-28,1.93,1.65,-0.28
2018-06-29,2.12,1.65,-0.4700000000000002
2018-07-02,2.04,1.65,-0.3900000000000001
2018-07-03,2.0,1.65,-0.3500000000000001
2018-07-04,1.9849999999999999,1.65,-0.33499999999999996
2018-07-05,1.97,1.65,-0.32000000000000006
2018-07-06,1.93,1.65,-0.28
2018-07-09,1.89,1.65,-0.24
2018-07-10,1.89,1.65,-0.24
2018-07-11,1.89,1.65,-0.24
2018-07-12,1.9,1.65,-0.25
2018-07-13,1.9,1.65,-0.25
2018-07-16,1.95,1.65,-0.30000000000000004
2018-07-17,1.92,1.65,-0.27
2018-07-18,1.9,1.65,-0.25
2018-07-19,1.9,1.65,-0.25
2018-07-20,1.88,1.65,-0.22999999999999998
2018-07-23,1.87,1.65,-0.2200000000000002
2018-07-24,1.9,1.65,-0.25
2018-07-25,1.87,1.65,-0.2200000000000002
2018-07-26,1.9,1.65,-0.25
2018-07-27,1.88,1.65,-0.22999999999999998
2018-07-30,1.88,1.65,-0.22999999999999998
2018-07-31,1.93,1.65,-0.28
2018-08-01,1.88,1.65,-0.22999999999999998
2018-08-02,1.91,1.65,-0.26
2018-08-03,1.86,1.65,-0.2100000000000002
2018-08-06,1.86,1.65,-0.2100000000000002
2018-08-07,1.87,1.65,-0.2200000000000002
2018-08-08,1.88,1.65,-0.22999999999999998
2018-08-09,1.91,1.65,-0.26
2018-08-10,1.9,1.65,-0.25
2018-08-13,1.91,1.65,-0.26
2018-08-14,1.93,1.65,-0.28
2018-08-15,1.98,1.65,-0.33000000000000007
2018-08-16,1.99,1.65,-0.3400000000000001
2018-08-17,1.9,1.65,-0.25
2018-08-20,1.9,1.65,-0.25
2018-08-21,1.9,1.65,-0.25
2018-08-22,1.9,1.65,-0.25
2018-08-23,1.94,1.65,-0.29000000000000004
2018-08-24,1.95,1.65,-0.30000000000000004
2018-08-27,1.95,1.65,-0.30000000000000004
2018-08-28,1.95,1.65,-0.30000000000000004
2018-08-29,1.93,1.65,-0.28
2018-08-30,1.93,1.65,-0.28
2018-08-31,1.97,1.65,-0.32000000000000006
2018-09-03,1.96,1.65,-0.31000000000000005
2018-09-04,1.95,1.65,-0.30000000000000004
2018-09-05,1.95,1.65,-0.30000000000000004
2018-09-06,1.94,1.65,-0.29000000000000004
2018-09-07,1.94,1.65,-0.29000000000000004
2018-09-10,1.94,1.65,-0.29000000000000004
2018-09-11,1.94,1.65,-0.29000000000000004
2018-09-12,1.94,1.65,-0.29000000000000004
2018-09-13,1.94,1.65,-0.29000000000000004
2018-09-14,1.95,1.65,-0.30000000000000004
2018-09-17,2.0,1.65,-0.3500000000000001
2018-09-18,1.94,1.65,-0.29000000000000004
2018-09-19,1.92,1.65,-0.27
2018-09-20,1.92,1.65,-0.27
2018-09-21,1.92,1.65,-0.27
2018-09-24,1.95,1.65,-0.30000000000000004
2018-09-25,1.93,1.65,-0.28
2018-09-26,1.92,1.65,-0.27
2018-09-27,2.16,1.65,-0.5100000000000002
2018-09-28,2.25,1.65,-0.6000000000000001
2018-10-01,2.22,1.65,-0.5700000000000003
2018-10-02,2.2,1.65,-0.5500000000000003
2018-10-03,2.2,1.65,-0.5500000000000003
2018-10-04,2.18,1.65,-0.5300000000000002
2018-10-05,2.16,1.65,-0.5100000000000002
2018-10-08,2.1550000000000002,1.65,-0.5050000000000003
2018-10-09,2.15,1.65,-0.5
2018-10-10,2.15,1.65,-0.5
2018-10-11,2.17,1.65,-0.52
2018-10-12,2.18,1.66,-0.5200000000000002
2018-10-15,2.21,1.67,-0.54
2018-10-16,2.18,1.68,-0.5000000000000002
2018-10-17,2.18,1.68,-0.5000000000000002
2018-10-18,2.19,1.69,-0.5
2018-10-19,2.19,1.7,-0.49
2018-10-22,2.18,1.7,-0.4800000000000002
2018-10-23,2.17,1.7,-0.47
2018-10-24,2.18,1.7,-0.4800000000000002
2018-10-25,2.19,1.7,-0.49
2018-10-26,2.19,1.7,-0.49
2018-10-29,2.18,1.7,-0.4800000000000002
2018-10-30,2.18,1.7,-0.4800000000000002
2018-10-31,2.22,1.7,-0.5200000000000002
2018-11-01,2.22,1.7,-0.5200000000000002
2018-11-02,2.25,1.7,-0.55
2018-11-05,2.24,1.7,-0.5400000000000003
2018-11-06,2.22,1.7,-0.5200000000000002
2018-11-07,2.18,1.7,-0.4800000000000002
2018-11-08,2.21,1.7,-0.51
2018-11-09,2.2,1.7,-0.5000000000000002
2018-11-12,2.2,1.7,-0.5000000000000002
2018-11-13,2.2,1.7,-0.5000000000000002
2018-11-14,2.2,1.7,-0.5000000000000002
2018-11-15,2.28,1.7,-0.5799999999999998
2018-11-16,2.26,1.7,-0.5599999999999998
2018-11-19,2.24,1.7,-0.5400000000000003
2018-11-20,2.2,1.7,-0.5000000000000002
2018-11-21,2.18,1.7,-0.4800000000000002
2018-11-22,2.205,1.7,-0.5050000000000001
2018-11-23,2.23,1.7,-0.53
2018-11-26,2.2,1.7,-0.5000000000000002
2018-11-27,2.19,1.7,-0.49
2018-11-28,2.19,1.7,-0.49
2018-11-29,2.24,1.7,-0.5400000000000003
2018-11-30,2.28,1.9,-0.3799999999999999
2018-12-03,2.23,1.9,-0.33000000000000007
2018-12-04,2.27,1.9,-0.3700000000000001
2018-12-05,2.3049999999999997,1.9,-0.4049999999999998
2018-12-06,2.34,1.9,-0.43999999999999995
2018-12-07,2.3,1.9,-0.3999999999999999
2018-12-10,2.22,1.9,-0.3200000000000003
2018-12-11,2.19,1.9,-0.29000000000000004
2018-12-12,2.2,1.9,-0.30000000000000027
2018-12-13,2.21,1.9,-0.31000000000000005
2018-12-14,2.21,1.9,-0.31000000000000005
2018-12-17,2.31,1.9,-0.41000000000000014
2018-12-18,2.32,1.9,-0.41999999999999993
2018-12-19,2.3,1.9,-0.3999999999999999
2018-12-20,2.41,1.9,-0.5100000000000002
2018-12-21,2.4,1.9,-0.5
2018-12-24,2.41,1.9,-0.5100000000000002
2018-12-26,2.44,1.92,-0.52
2018-12-27,2.44,1.92,-0.52
2018-12-28,2.46,1.93,-0.53
2018-12-31,3.0,1.93,-1.07
2019-01-02,3.15,1.93,-1.22
2019-01-03,2.7,1.92,-0.7800000000000002
2019-01-04,2.45,1.86,-0.5900000000000001
2019-01-07,2.41,1.86,-0.55
2019-01-08,2.42,1.86,-0.5599999999999998
2019-01-09,2.45,1.86,-0.5900000000000001
2019-01-10,2.43,1.86,-0.5700000000000001
2019-01-11,2.41,1.86,-0.55
2019-01-14,2.4,1.86,-0.5399999999999998
2019-01-15,2.46,1.86,-0.5999999999999999
2019-01-16,2.43,1.86,-0.5700000000000001
2019-01-17,2.41,1.86,-0.55
2019-01-18,2.42,1.86,-0.5599999999999998
2019-01-21,2.415,1.86,-0.5549999999999999
2019-01-22,2.41,1.86,-0.55
2019-01-23,2.4,1.86,-0.5399999999999998
2019-01-24,2.41,1.86,-0.55
2019-01-25,2.4,1.86,-0.5399999999999998
2019-01-28,2.39,1.86,-0.53
2019-01-29,2.4,1.86,-0.5399999999999998
2019-01-30,2.39,1.86,-0.53
2019-01-31,2.58,1.86,-0.72
2019-02-01,2.47,1.86,-0.6100000000000001
2019-02-04,2.4,1.86,-0.5399999999999998
2019-02-05,2.4,1.86,-0.5399999999999998
2019-02-06,2.38,1.86,-0.5199999999999998
2019-02-07,2.38,1.86,-0.5199999999999998
2019-02-08,2.37,1.86,-0.51
2019-02-11,2.4,1.86,-0.5399999999999998
2019-02-12,2.39,1.86,-0.53
2019-02-13,2.38,1.86,-0.5199999999999998
2019-02-14,2.39,1.86,-0.53
2019-02-15,2.43,1.86,-0.5700000000000001
2019-02-18,2.415,1.87,-0.5449999999999999
2019-02-19,2.4,1.88,-0.52
2019-02-20,2.39,1.89,-0.5000000000000002
2019-02-21,2.39,1.89,-0.5000000000000002
2019-02-22,2.4,1.89,-0.51
2019-02-25,2.38,1.89,-0.49
2019-02-26,2.38,1.89,-0.49
2019-02-27,2.37,1.89,-0.4800000000000002
2019-02-28,2.58,1.89,-0.6900000000000002
2019-03-01,2.38,1.89,-0.49
2019-03-04,2.38,1.89,-0.49
2019-03-05,2.38,1.89,-0.49
2019-03-06,2.38,1.89,-0.49
2019-03-07,2.38,1.89,-0.49
2019-03-08,2.39,1.89,-0.5000000000000002
2019-03-11,2.38,1.89,-0.49
2019-03-12,2.39,1.89,-0.5000000000000002
2019-03-13,2.4,1.89,-0.51
2019-03-14,2.42,1.89,-0.53
2019-03-15,2.46,1.9,-0.56
2019-03-18,2.41,1.9,-0.5100000000000002
2019-03-19,2.42,1.9,-0.52
2019-03-20,2.47,1.9,-0.5700000000000003
2019-03-21,2.44,1.9,-0.54
2019-03-22,2.4,1.9,-0.5
2019-03-25,2.4,1.9,-0.5
2019-03-26,2.4,1.9,-0.5
2019-03-27,2.4,1.9,-0.5
2019-03-28,2.43,1.9,-0.5300000000000002
2019-03-29,2.65,1.9,-0.75
2019-04-01,2.46,1.9,-0.56
2019-04-02,2.46,1.89,-0.5700000000000001
2019-04-03,2.47,1.87,-0.6000000000000001
2019-04-04,2.46,1.87,-0.5899999999999999
2019-04-05,2.46,1.86,-0.5999999999999999
2019-04-08,2.46,1.86,-0.5999999999999999
2019-04-09,2.45,1.86,-0.5900000000000001
2019-04-10,2.45,1.86,-0.5900000000000001
2019-04-11,2.44,1.86,-0.5799999999999998
2019-04-12,2.44,1.86,-0.5799999999999998
2019-04-15,2.47,1.86,-0.6100000000000001
2019-04-16,2.47,1.86,-0.6100000000000001
2019-04-17,2.5,1.86,-0.6399999999999999
2019-04-18,2.5,1.86,-0.6399999999999999
2019-04-19,2.48,1.86,-0.6199999999999999
2019-04-22,2.46,1.85,-0.6099999999999999
2019-04-23,2.46,1.85,-0.6099999999999999
2019-04-24,2.44,1.85,-0.5899999999999999
2019-04-25,2.45,1.85,-0.6000000000000001
2019-04-26,2.46,1.84,-0.6199999999999999
2019-04-29,2.48,1.84,-0.6399999999999999
2019-04-30,2.76,1.84,-0.9199999999999997
2019-05-01,2.54,1.84,-0.7
2019-05-02,2.5,1.84,-0.6599999999999999
2019-05-03,2.43,1.84,-0.5900000000000001
2019-05-06,2.42,1.84,-0.5799999999999998
2019-05-07,2.44,1.84,-0.5999999999999999
2019-05-08,2.43,1.84,-0.5900000000000001
2019-05-09,2.41,1.84,-0.5700000000000001
2019-05-10,2.4,1.84,-0.5599999999999998
2019-05-13,2.38,1.84,-0.5399999999999998
2019-05-14,2.39,1.84,-0.55
2019-05-15,2.48,1.84,-0.6399999999999999
2019-05-16,2.43,1.84,-0.5900000000000001
2019-05-17,2.42,1.84,-0.5799999999999998
2019-05-20,2.39,1.84,-0.55
2019-05-21,2.38,1.84,-0.5399999999999998
2019-05-22,2.37,1.84,-0.53
2019-05-23,2.37,1.84,-0.53
2019-05-24,2.37,1.84,-0.53
2019-05-27,2.39,1.84,-0.55
2019-05-28,2.41,1.84,-0.5700000000000001
2019-05-29,2.4,1.84,-0.5599999999999998
2019-05-30,2.4,1.84,-0.5599999999999998
2019-05-31,2.49,1.84,-0.6500000000000001
2019-06-03,2.4,1.82,-0.5799999999999998
2019-06-04,2.39,1.82,-0.5700000000000001
2019-06-05,2.4,1.82,-0.5799999999999998
2019-06-06,2.4,1.82,-0.5799999999999998
2019-06-07,2.39,1.82,-0.5700000000000001
2019-06-10,2.39,1.82,-0.5700000000000001
2019-06-11,2.38,1.82,-0.5599999999999998
2019-06-12,2.37,1.81,-0.56
2019-06-13,2.35,1.81,-0.54
2019-06-14,2.35,1.81,-0.54
2019-06-17,2.41,1.8,-0.6100000000000001
2019-06-18,2.39,1.8,-0.5900000000000001
2019-06-19,2.36,1.8,-0.5599999999999998
2019-06-20,2.36,1.8,-0.5599999999999998
2019-06-21,2.37,1.8,-0.5700000000000001
2019-06-24,2.39,1.79,-0.6000000000000001
2019-06-25,2.41,1.79,-0.6200000000000001
2019-06-26,2.43,1.78,-0.6500000000000001
2019-06-27,2.42,1.78,-0.6399999999999999
2019-06-28,2.5,1.78,-0.72
2019-07-01,2.42,1.78,-0.6399999999999999
2019-07-02,2.51,1.78,-0.7299999999999998
2019-07-03,2.56,1.78,-0.78
2019-07-04,2.575,1.78,-0.7950000000000002
2019-07-05,2.59,1.78,-0.8099999999999998
2019-07-08,2.48,1.78,-0.7
2019-07-09,2.45,1.78,-0.6700000000000002
2019-07-10,2.46,1.78,-0.6799999999999999
2019-07-11,2.41,1.78,-0.6300000000000001
2019-07-12,2.36,1.78,-0.5799999999999998
2019-07-15,2.46,1.78,-0.6799999999999999
2019-07-16,2.47,1.78,-0.6900000000000002
2019-07-17,2.47,1.73,-0.7400000000000002
2019-07-18,2.46,1.61,-0.8499999999999999
2019-07-19,2.41,1.59,-0.8200000000000001
2019-07-22,2.4,1.59,-0.8099999999999998
2019-07-23,2.4,1.59,-0.8099999999999998
2019-07-24,2.41,1.56,-0.8500000000000001
2019-07-25,2.42,1.54,-0.8799999999999999
2019-07-26,2.41,1.53,-0.8800000000000001
2019-07-29,2.4,1.53,-0.8699999999999999
2019-07-30,2.39,1.52,-0.8700000000000001
2019-07-31,2.55,1.5,-1.0499999999999998
2019-08-01,2.19,1.5,-0.69
2019-08-02,2.19,1.5,-0.69
2019-08-05,2.13,1.5,-0.6299999999999999
2019-08-06,2.11,1.49,-0.6199999999999999
2019-08-07,2.1,1.49,-0.6100000000000001
2019-08-08,2.09,1.49,-0.5999999999999999
2019-08-09,2.11,1.49,-0.6199999999999999
2019-08-12,2.12,1.49,-0.6300000000000001
2019-08-13,2.16,1.49,-0.6700000000000002
2019-08-14,2.13,1.49,-0.6399999999999999
2019-08-15,2.18,1.49,-0.6900000000000002
2019-08-16,2.13,1.49,-0.6399999999999999
2019-08-19,2.11,1.49,-0.6199999999999999
2019-08-20,2.13,1.49,-0.6399999999999999
2019-08-21,2.1,1.49,-0.6100000000000001
2019-08-22,2.09,1.49,-0.5999999999999999
2019-08-23,2.1,1.49,-0.6100000000000001
2019-08-26,2.1,1.49,-0.6100000000000001
2019-08-27,2.15,1.49,-0.6599999999999999
2019-08-28,2.12,1.49,-0.6300000000000001
2019-08-29,2.12,1.49,-0.6300000000000001
2019-08-30,2.16,1.49,-0.6700000000000002
2019-09-02,2.165,1.49,-0.675
2019-09-03,2.17,1.49,-0.6799999999999999
2019-09-04,2.21,1.5,-0.71
2019-09-05,2.21,1.53,-0.6799999999999999
2019-09-06,2.15,1.54,-0.6099999999999999
2019-09-09,2.12,1.54,-0.5800000000000001
2019-09-10,2.14,1.54,-0.6000000000000001
2019-09-11,2.15,1.54,-0.6099999999999999
2019-09-12,2.2,1.54,-0.6600000000000001
2019-09-13,2.2,1.54,-0.6600000000000001
2019-09-16,2.43,1.54,-0.8900000000000001
2019-09-17,5.25,1.54,-3.71
2019-09-18,2.55,1.54,-1.0099999999999998
2019-09-19,1.95,1.55,-0.3999999999999999
2019-09-20,1.86,1.55,-0.31000000000000005
2019-09-23,1.85,1.55,-0.30000000000000004
2019-09-24,1.96,1.55,-0.4099999999999999
2019-09-25,2.01,1.55,-0.45999999999999974
2019-09-26,1.85,1.55,-0.30000000000000004
2019-09-27,1.82,1.55,-0.27
2019-09-30,2.35,1.55,-0.8
2019-10-01,1.88,1.55,-0.32999999999999985
2019-10-02,1.85,1.55,-0.30000000000000004
2019-10-03,1.84,1.55,-0.29000000000000004
2019-10-04,1.82,1.55,-0.27
2019-10-07,1.83,1.55,-0.28
2019-10-08,1.85,1.55,-0.30000000000000004
2019-10-09,1.85,1.55,-0.30000000000000004
2019-10-10,1.85,1.55,-0.30000000000000004
2019-10-11,1.85,1.55,-0.30000000000000004
2019-10-14,1.925,1.55,-0.375
2019-10-15,2.0,1.55,-0.44999999999999996
2019-10-16,2.05,1.36,-0.6899999999999997
2019-10-17,1.95,1.36,-0.5899999999999999
2019-10-18,1.88,1.36,-0.5199999999999998
2019-10-21,1.86,1.36,-0.5
2019-10-22,1.87,1.36,-0.51
2019-10-23,1.87,1.36,-0.51
2019-10-24,1.86,1.37,-0.49
2019-10-25,1.84,1.37,-0.47
2019-10-28,1.82,1.44,-0.3800000000000001
2019-10-29,1.81,1.44,-0.3700000000000001
2019-10-30,1.82,1.44,-0.3800000000000001
2019-10-31,1.76,1.44,-0.32000000000000006
2019-11-01,1.58,1.44,-0.14000000000000012
2019-11-04,1.56,1.46,-0.10000000000000009
2019-11-05,1.58,1.49,-0.09000000000000008
2019-11-06,1.57,1.5,-0.07000000000000006
2019-11-07,1.56,1.52,-0.040000000000000036
2019-11-08,1.56,1.52,-0.040000000000000036
2019-11-11,1.565,1.53,-0.03499999999999992
2019-11-12,1.57,1.53,-0.040000000000000036
2019-11-13,1.57,1.53,-0.040000000000000036
2019-11-14,1.58,1.53,-0.050000000000000044
2019-11-15,1.59,1.53,-0.06000000000000005
2019-11-18,1.56,1.53,-0.030000000000000027
2019-11-19,1.57,1.53,-0.040000000000000036
2019-11-20,1.57,1.53,-0.040000000000000036
2019-11-21,1.58,1.53,-0.050000000000000044
2019-11-22,1.58,1.53,-0.050000000000000044
2019-11-25,1.56,1.53,-0.030000000000000027
2019-11-26,1.54,1.53,-0.010000000000000009
2019-11-27,1.55,1.53,-0.020000000000000018
2019-11-28,1.6,1.53,-0.07000000000000006
2019-11-29,1.65,1.53,-0.11999999999999988
2019-12-02,1.63,1.53,-0.09999999999999987
2019-12-03,1.55,1.53,-0.020000000000000018
2019-12-04,1.54,1.53,-0.010000000000000009
2019-12-05,1.55,1.53,-0.020000000000000018
2019-12-06,1.55,1.53,-0.020000000000000018
2019-12-09,1.56,1.53,-0.030000000000000027
2019-12-10,1.55,1.53,-0.020000000000000018
2019-12-11,1.54,1.53,-0.010000000000000009
2019-12-12,1.53,1.53,0.0
2019-12-13,1.54,1.53,-0.010000000000000009
2019-12-16,1.62,1.53,-0.09000000000000008
2019-12-17,1.54,1.53,-0.010000000000000009
2019-12-18,1.53,1.53,0.0
2019-12-19,1.53,1.53,0.0
2019-12-20,1.53,1.53,0.0
2019-12-23,1.52,1.53,0.010000000000000009
2019-12-24,1.52,1.53,0.010000000000000009
2019-12-26,1.52,1.53,0.010000000000000009
2019-12-27,1.53,1.53,0.0
2019-12-30,1.54,1.53,-0.010000000000000009
2019-12-31,1.55,1.53,-0.020000000000000018
2020-01-02,1.54,1.53,-0.010000000000000009
2020-01-03,1.55,1.53,-0.020000000000000018
2020-01-06,1.55,1.49,-0.06000000000000005
2020-01-07,1.56,1.46,-0.10000000000000009
2020-01-08,1.55,1.46,-0.09000000000000008
2020-01-09,1.55,1.46,-0.09000000000000008
2020-01-10,1.55,1.46,-0.09000000000000008
2020-01-13,1.54,1.46,-0.08000000000000007
2020-01-14,1.55,1.46,-0.09000000000000008
2020-01-15,1.56,1.46,-0.10000000000000009
2020-01-16,1.55,1.46,-0.09000000000000008
2020-01-17,1.54,1.46,-0.08000000000000007
2020-01-20,1.54,1.46,-0.08000000000000007
2020-01-21,1.54,1.46,-0.08000000000000007
2020-01-22,1.54,1.46,-0.08000000000000007
2020-01-23,1.54,1.46,-0.08000000000000007
2020-01-24,1.53,1.46,-0.07000000000000006
2020-01-27,1.53,1.46,-0.07000000000000006
2020-01-28,1.53,1.46,-0.07000000000000006
2020-01-29,1.53,1.46,-0.07000000000000006
2020-01-30,1.58,1.43,-0.15000000000000013
2020-01-31,1.6,1.42,-0.18000000000000016
2020-02-03,1.59,1.42,-0.17000000000000015
2020-02-04,1.6,1.42,-0.18000000000000016
2020-02-05,1.59,1.42,-0.17000000000000015
2020-02-06,1.59,1.42,-0.17000000000000015
2020-02-07,1.58,1.42,-0.16000000000000014
2020-02-10,1.58,1.42,-0.16000000000000014
2020-02-11,1.58,1.42,-0.16000000000000014
2020-02-12,1.57,1.42,-0.15000000000000013
2020-02-13,1.57,1.42,-0.15000000000000013
2020-02-14,1.58,1.42,-0.16000000000000014
2020-02-17,1.59,1.42,-0.17000000000000015
2020-02-18,1.6,1.42,-0.18000000000000016
2020-02-19,1.59,1.42,-0.17000000000000015
2020-02-20,1.6,1.41,-0.19000000000000017
2020-02-21,1.58,1.41,-0.17000000000000015
2020-02-24,1.58,1.41,-0.17000000000000015
2020-02-25,1.59,1.41,-0.18000000000000016
2020-02-26,1.58,1.41,-0.17000000000000015
2020-02-27,1.58,1.41,-0.17000000000000015
2020-02-28,1.6,1.41,-0.19000000000000017
2020-03-02,1.59,1.41,-0.18000000000000016
2020-03-03,1.64,1.41,-0.22999999999999998
2020-03-04,1.23,1.4,0.16999999999999993
2020-03-05,1.12,1.4,0.2799999999999998
2020-03-06,1.1,1.4,0.2999999999999998
2020-03-09,1.09,1.4,0.30999999999999983
2020-03-10,1.11,1.4,0.2899999999999998
2020-03-11,1.15,1.4,0.25
2020-03-12,1.2,1.39,0.18999999999999995
2020-03-13,1.1,1.39,0.2899999999999998
2020-03-16,0.26,1.39,1.13
2020-03-17,0.54,1.02,0.48
2020-03-18,0.1,1.02,0.92
2020-03-19,0.06,1.02,0.96
2020-03-20,0.04,1.02,0.98
2020-03-23,0.02,1.02,1.0
2020-03-24,0.01,1.07,1.06
2020-03-25,0.01,1.1,1.09
2020-03-26,0.01,1.1,1.09
2020-03-27,0.01,1.1,1.09
2020-03-30,0.01,1.1,1.09
2020-03-31,0.01,1.1,1.09
2020-04-01,0.01,1.1,1.09
2020-04-02,0.01,1.1,1.09
2020-04-03,0.01,1.1,1.09
2020-04-06,0.01,1.1,1.09
2020-04-07,0.01,1.1,1.09
2020-04-08,0.01,1.1,1.09
2020-04-09,0.01,1.1,1.09
2020-04-10,0.015,1.1,1.0850000000000002
2020-04-13,0.02,1.1,1.08
2020-04-14,0.06,1.1,1.04
2020-04-15,0.03,1.1,1.07
2020-04-16,0.03,1.1,1.07
2020-04-17,0.03,1.1,1.07
2020-04-20,0.02,1.1,1.08
2020-04-21,0.01,1.1,1.09
2020-04-22,0.01,1.1,1.09
2020-04-23,0.01,1.1,1.09
2020-04-24,0.03,1.1,1.07
2020-04-27,0.03,1.1,1.07
2020-04-28,0.01,1.1,1.09
2020-04-29,0.01,1.1,1.09
2020-04-30,0.04,1.1,1.06
2020-05-01,0.03,1.1,1.07
2020-05-04,0.05,1.1,1.05
2020-05-05,0.05,1.1,1.05
2020-05-06,0.05,1.1,1.05
2020-05-07,0.05,1.08,1.03
2020-05-08,0.06,1.08,1.02
2020-05-11,0.06,1.05,0.99
2020-05-12,0.06,1.05,0.99
2020-05-13,0.04,1.05,1.01
2020-05-14,0.02,1.05,1.03
2020-05-15,0.05,1.05,1.0
2020-05-18,0.04,1.05,1.01
2020-05-19,0.04,1.02,0.98
2020-05-20,0.01,1.02,1.01
2020-05-21,0.02,1.02,1.0
2020-05-22,0.04,1.02,0.98
2020-05-25,0.05,1.02,0.97
2020-05-26,0.06,1.02,0.96
2020-05-27,0.06,1.02,0.96
2020-05-28,0.06,0.81,0.75
2020-05-29,0.06,0.81,0.75
2020-06-01,0.06,0.81,0.75
2020-06-02,0.07,0.81,0.74
2020-06-03,0.06,0.81,0.75
2020-06-04,0.07,0.8,0.73
2020-06-05,0.07,0.79,0.72
2020-06-08,0.07,0.79,0.72
2020-06-09,0.08,0.79,0.7100000000000001
2020-06-10,0.07,0.79,0.72
2020-06-11,0.08,0.79,0.7100000000000001
2020-06-12,0.08,0.79,0.7100000000000001
2020-06-15,0.09,0.79,0.7000000000000001
2020-06-16,0.09,0.79,0.7000000000000001
2020-06-17,0.09,0.79,0.7000000000000001
2020-06-18,0.09,0.79,0.7000000000000001
2020-06-19,0.09,0.79,0.7000000000000001
2020-06-22,0.08,0.79,0.7100000000000001
2020-06-23,0.07,0.79,0.72
2020-06-24,0.08,0.79,0.7100000000000001
2020-06-25,0.09,0.79,0.7000000000000001
2020-06-26,0.08,0.79,0.7100000000000001
2020-06-29,0.08,0.79,0.7100000000000001
2020-06-30,0.1,0.79,0.6900000000000001
2020-07-01,0.11,0.79,0.68
2020-07-02,0.11,0.79,0.68
2020-07-03,0.10500000000000001,0.79,0.685
2020-07-06,0.1,0.79,0.6900000000000001
2020-07-07,0.1,0.79,0.6900000000000001
2020-07-08,0.1,0.79,0.6900000000000001
2020-07-09,0.1,0.79,0.6900000000000001
2020-07-10,0.1,0.79,0.6900000000000001
2020-07-13,0.1,0.79,0.6900000000000001
2020-07-14,0.11,0.79,0.68
2020-07-15,0.13,0.79,0.66
2020-07-16,0.12,0.79,0.67
2020-07-17,0.12,0.79,0.67
2020-07-20,0.12,0.79,0.67
2020-07-21,0.11,0.79,0.68
2020-07-22,0.1,0.79,0.6900000000000001
2020-07-23,0.1,0.78,0.68
2020-07-24,0.1,0.78,0.68
2020-07-27,0.1,0.78,0.68
2020-07-28,0.1,0.78,0.68
2020-07-29,0.09,0.78,0.6900000000000001
2020-07-30,0.1,0.78,0.68
2020-07-31,0.1,0.78,0.68
2020-08-03,0.1,0.78,0.68
2020-08-04,0.09,0.76,0.67
2020-08-05,0.09,0.76,0.67
2020-08-06,0.09,0.76,0.67
2020-08-07,0.09,0.75,0.66
2020-08-10,0.09,0.74,0.65
2020-08-11,0.1,0.73,0.63
2020-08-12,0.09,0.7,0.61
2020-08-13,0.09,0.67,0.5800000000000001
2020-08-14,0.09,0.65,0.56
2020-08-17,0.1,0.645,0.545
2020-08-18,0.09,0.64,0.55
2020-08-19,0.09,0.63,0.54
2020-08-20,0.07,0.63,0.56
2020-08-21,0.07,0.63,0.56
2020-08-24,0.08,0.63,0.55
2020-08-25,0.08,0.63,0.55
2020-08-26,0.07,0.63,0.56
2020-08-27,0.07,0.63,0.56
2020-08-28,0.07,0.63,0.56
2020-08-31,0.09,0.63,0.54
2020-09-01,0.09,0.63,0.54
2020-09-02,0.09,0.63,0.54
2020-09-03,0.1,0.63,0.53
2020-09-04,0.09,0.63,0.54
2020-09-07,0.09,0.63,0.54
2020-09-08,0.09,0.63,0.54
2020-09-09,0.09,0.63,0.54
2020-09-10,0.09,0.63,0.54
2020-09-11,0.09,0.63,0.54
2020-09-14,0.09,0.63,0.54
2020-09-15,0.1,0.63,0.53
2020-09-16,0.1,0.63,0.53
2020-09-17,0.1,0.63,0.53
2020-09-18,0.09,0.63,0.54
2020-09-21,0.08,0.63,0.55
2020-09-22,0.07,0.63,0.56
2020-09-23,0.06,0.63,0.5700000000000001
2020-09-24,0.07,0.63,0.56
2020-09-25,0.08,0.63,0.55
2020-09-28,0.08,0.63,0.55
2020-09-29,0.07,0.63,0.56
2020-09-30,0.08,0.63,0.55
2020-10-01,0.08,0.63,0.55
2020-10-02,0.1,0.63,0.53
2020-10-05,0.09,0.63,0.54
2020-10-06,0.1,0.63,0.53
2020-10-07,0.09,0.63,0.54
2020-10-08,0.08,0.63,0.55
2020-10-09,0.09,0.63,0.54
2020-10-12,0.09,0.63,0.54
2020-10-13,0.09,0.63,0.54
2020-10-14,0.09,0.63,0.54
2020-10-15,0.1,0.63,0.53
2020-10-16,0.09,0.63,0.54
2020-10-19,0.09,0.63,0.54
2020-10-20,0.08,0.63,0.55
2020-10-21,0.07,0.63,0.56
2020-10-22,0.07,0.63,0.56
2020-10-23,0.08,0.63,0.55
2020-10-26,0.09,0.63,0.54
2020-10-27,0.09,0.63,0.54
2020-10-28,0.08,0.63,0.55
2020-10-29,0.09,0.63,0.54
2020-10-30,0.09,0.63,0.54
2020-11-02,0.11,0.63,0.52
2020-11-03,0.1,0.67,0.5700000000000001
2020-11-04,0.1,0.67,0.5700000000000001
2020-11-05,0.11,0.66,0.55
2020-11-06,0.1,0.66,0.56
2020-11-09,0.1,0.66,0.56
2020-11-10,0.1,0.66,0.56
2020-11-11,0.095,0.66,0.5650000000000001
2020-11-12,0.09,0.66,0.5700000000000001
2020-11-13,0.09,0.66,0.5700000000000001
2020-11-16,0.1,0.66,0.56
2020-11-17,0.09,0.66,0.5700000000000001
2020-11-18,0.07,0.66,0.5900000000000001
2020-11-19,0.06,0.66,0.6000000000000001
2020-11-20,0.05,0.66,0.61
2020-11-23,0.05,0.66,0.61
2020-11-24,0.07,0.66,0.5900000000000001
2020-11-25,0.08,0.66,0.5800000000000001
2020-11-26,0.08,0.66,0.5800000000000001
2020-11-27,0.08,0.66,0.5800000000000001
2020-11-30,0.09,0.66,0.5700000000000001
2020-12-01,0.08,0.66,0.5800000000000001
2020-12-02,0.08,0.66,0.5800000000000001
2020-12-03,0.08,0.66,0.5800000000000001
2020-12-04,0.09,0.66,0.5700000000000001
2020-12-07,0.08,0.66,0.5800000000000001
2020-12-08,0.07,0.66,0.5900000000000001
2020-12-09,0.08,0.66,0.5800000000000001
2020-12-10,0.08,0.66,0.5800000000000001
2020-12-11,0.08,0.66,0.5800000000000001
2020-12-14,0.08,0.66,0.5800000000000001
2020-12-15,0.09,0.66,0.5700000000000001
2020-12-16,0.09,0.66,0.5700000000000001
2020-12-17,0.09,0.66,0.5700000000000001
2020-12-18,0.09,0.66,0.5700000000000001
2020-12-21,0.09,0.66,0.5700000000000001
2020-12-22,0.07,0.66,0.5900000000000001
2020-12-23,0.06,0.66,0.6000000000000001
2020-12-24,0.08,0.66,0.5800000000000001
2020-12-28,0.09,0.66,0.5700000000000001
2020-12-29,0.1,0.66,0.56
2020-12-30,0.09,0.66,0.5700000000000001
2020-12-31,0.07,0.66,0.5900000000000001
2021-01-04,0.1,0.66,0.56
2021-01-05,0.11,0.66,0.55
2021-01-06,0.1,0.66,0.56
2021-01-07,0.1,0.66,0.56
2021-01-08,0.09,0.66,0.5700000000000001
2021-01-11,0.09,0.66,0.5700000000000001
2021-01-12,0.08,0.66,0.5800000000000001
2021-01-13,0.08,0.67,0.5900000000000001
2021-01-14,0.08,0.67,0.5900000000000001
2021-01-15,0.08,0.67,0.5900000000000001
2021-01-18,0.07500000000000001,0.69,0.615
2021-01-19,0.07,0.69,0.6199999999999999
2021-01-20,0.06,0.69,0.6299999999999999
2021-01-21,0.04,0.69,0.6499999999999999
2021-01-22,0.05,0.69,0.6399999999999999
2021-01-25,0.06,0.69,0.6299999999999999
2021-01-26,0.03,0.69,0.6599999999999999
2021-01-27,0.03,0.7,0.6699999999999999
2021-01-28,0.04,0.7,0.6599999999999999
2021-01-29,0.06,0.7,0.6399999999999999
2021-02-01,0.07,0.7,0.6299999999999999
2021-02-02,0.07,0.73,0.6599999999999999
2021-02-03,0.07,0.73,0.6599999999999999
2021-02-04,0.05,0.73,0.6799999999999999
2021-02-05,0.02,0.73,0.71
2021-02-08,0.02,0.73,0.71
2021-02-09,0.05,0.73,0.6799999999999999
2021-02-10,0.06,0.73,0.6699999999999999
2021-02-11,0.06,0.73,0.6699999999999999
2021-02-12,0.05,0.73,0.6799999999999999
2021-02-15,0.055,0.73,0.6749999999999999
2021-02-16,0.06,0.74,0.6799999999999999
2021-02-17,0.06,0.74,0.6799999999999999
2021-02-18,0.03,0.74,0.71
2021-02-19,0.02,0.74,0.72
2021-02-22,0.03,0.74,0.71
2021-02-23,0.01,0.74,0.73
2021-02-24,0.02,0.74,0.72
2021-02-25,0.03,0.74,0.71
2021-02-26,0.01,0.74,0.73
2021-03-01,0.02,0.74,0.72
2021-03-02,0.04,0.74,0.7
2021-03-03,0.04,0.74,0.7
2021-03-04,0.02,0.74,0.72
2021-03-05,0.02,0.74,0.72
2021-03-08,0.02,0.74,0.72
2021-03-09,0.02,0.75,0.73
2021-03-10,0.02,0.75,0.73
2021-03-11,0.01,0.75,0.74
2021-03-12,0.01,0.75,0.74
2021-03-15,0.01,0.75,0.74
2021-03-16,0.01,0.75,0.74
2021-03-17,0.01,0.75,0.74
2021-03-18,0.01,0.75,0.74
2021-03-19,0.01,0.75,0.74
2021-03-22,0.01,0.75,0.74
2021-03-23,0.01,0.75,0.74
2021-03-24,0.01,0.75,0.74
2021-03-25,0.01,0.75,0.74
2021-03-26,0.01,0.75,0.74
2021-03-29,0.01,0.75,0.74
2021-03-30,0.01,0.75,0.74
2021-03-31,0.01,0.75,0.74
2021-04-01,0.01,0.75,0.74
2021-04-02,0.01,0.75,0.74
2021-04-05,0.01,0.75,0.74
2021-04-06,0.01,0.75,0.74
2021-04-07,0.01,0.75,0.74
2021-04-08,0.01,0.75,0.74
2021-04-09,0.01,0.75,0.74
2021-04-12,0.01,0.75,0.74
2021-04-13,0.01,0.73,0.72
2021-04-14,0.01,0.73,0.72
2021-04-15,0.01,0.73,0.72
2021-04-16,0.01,0.73,0.72
2021-04-19,0.01,0.73,0.72
2021-04-20,0.01,0.73,0.72
2021-04-21,0.01,0.73,0.72
2021-04-22,0.01,0.73,0.72
2021-04-23,0.01,0.73,0.72
2021-04-26,0.01,0.73,0.72
2021-04-27,0.01,0.73,0.72
2021-04-28,0.01,0.73,0.72
2021-04-29,0.01,0.73,0.72
2021-04-30,0.01,0.73,0.72
2021-05-03,0.01,0.73,0.72
2021-05-04,0.01,0.73,0.72
2021-05-05,0.01,0.73,0.72
2021-05-06,0.01,0.73,0.72
2021-05-07,0.01,0.72,0.71
2021-05-10,0.01,0.71,0.7
2021-05-11,0.01,0.69,0.6799999999999999
2021-05-12,0.01,0.69,0.6799999999999999
2021-05-13,0.01,0.67,0.66
2021-05-14,0.01,0.67,0.66
2021-05-17,0.01,0.67,0.66
2021-05-18,0.01,0.67,0.66
2021-05-19,0.01,0.665,0.655
2021-05-20,0.01,0.66,0.65
2021-05-21,0.01,0.66,0.65
2021-05-24,0.01,0.66,0.65
2021-05-25,0.01,0.66,0.65
2021-05-26,0.01,0.66,0.65
2021-05-27,0.01,0.66,0.65
2021-05-28,0.01,0.66,0.65
2021-05-31,0.01,0.66,0.65
2021-06-01,0.01,0.66,0.65
2021-06-02,0.01,0.66,0.65
2021-06-03,0.01,0.66,0.65
2021-06-04,0.01,0.66,0.65
2021-06-07,0.01,0.66,0.65
2021-06-08,0.01,0.66,0.65
2021-06-09,0.01,0.66,0.65
2021-06-10,0.01,0.66,0.65
2021-06-11,0.01,0.66,0.65
2021-06-14,0.01,0.66,0.65
2021-06-15,0.01,0.66,0.65
2021-06-16,0.01,0.66,0.65
2021-06-17,0.05,0.66,0.61
2021-06-18,0.05,0.66,0.61
2021-06-21,0.05,0.66,0.61
2021-06-22,0.05,0.66,0.61
2021-06-23,0.05,0.66,0.61
2021-06-24,0.05,0.67,0.62
2021-06-25,0.05,0.67,0.62
2021-06-28,0.05,0.67,0.62
2021-06-29,0.05,0.68,0.63
2021-06-30,0.05,0.68,0.63
2021-07-01,0.05,0.69,0.6399999999999999
2021-07-02,0.05,0.69,0.6399999999999999
2021-07-05,0.05,0.69,0.6399999999999999
2021-07-06,0.05,0.69,0.6399999999999999
2021-07-07,0.05,0.69,0.6399999999999999
2021-07-08,0.05,0.69,0.6399999999999999
2021-07-09,0.05,0.68,0.63
2021-07-12,0.05,0.68,0.63
2021-07-13,0.05,0.69,0.6399999999999999
2021-07-14,0.05,0.69,0.6399999999999999
2021-07-15,0.05,0.69,0.6399999999999999
2021-07-16,0.05,0.7,0.6499999999999999
2021-07-19,0.05,0.7,0.6499999999999999
2021-07-20,0.05,0.7,0.6499999999999999
2021-07-21,0.05,0.7,0.6499999999999999
2021-07-22,0.05,0.7,0.6499999999999999
2021-07-23,0.05,0.7,0.6499999999999999
2021-07-26,0.05,0.7,0.6499999999999999
2021-07-27,0.05,0.7,0.6499999999999999
2021-07-28,0.05,0.7,0.6499999999999999
2021-07-29,0.05,0.7,0.6499999999999999
2021-07-30,0.05,0.7,0.6499999999999999
2021-08-02,0.05,0.7,0.6499999999999999
2021-08-03,0.05,0.7,0.6499999999999999
2021-08-04,0.05,0.7,0.6499999999999999
2021-08-05,0.05,0.7,0.6499999999999999
2021-08-06,0.05,0.7,0.6499999999999999
2021-08-09,0.05,0.7,0.6499999999999999
2021-08-10,0.05,0.71,0.6599999999999999
2021-08-11,0.05,0.71,0.6599999999999999
2021-08-12,0.05,0.72,0.6699999999999999
2021-08-13,0.05,0.73,0.6799999999999999
2021-08-16,0.05,0.735,0.6849999999999999
2021-08-17,0.05,0.74,0.69
2021-08-18,0.05,0.75,0.7
2021-08-19,0.05,0.76,0.71
2021-08-20,0.05,0.76,0.71
2021-08-23,0.05,0.77,0.72
2021-08-24,0.05,0.77,0.72
2021-08-25,0.05,0.77,0.72
2021-08-26,0.05,0.92,0.87
2021-08-27,0.05,0.92,0.87
2021-08-30,0.05,0.92,0.87
2021-08-31,0.05,0.92,0.87
2021-09-01,0.05,0.92,0.87
2021-09-02,0.05,0.92,0.87
2021-09-03,0.05,0.92,0.87
2021-09-06,0.05,0.92,0.87
2021-09-07,0.05,0.92,0.87
2021-09-08,0.05,0.92,0.87
2021-09-09,0.05,0.93,0.88
2021-09-10,0.05,0.96,0.9099999999999999
2021-09-13,0.05,1.0,0.95
2021-09-14,0.05,1.0,0.95
2021-09-15,0.05,1.01,0.96
2021-09-16,0.05,1.01,0.96
2021-09-17,0.05,1.01,0.96
2021-09-20,0.05,1.0125,0.9624999999999999
2021-09-21,0.05,1.0150000000000001,0.9650000000000001
2021-09-22,0.05,1.0175,0.9675
2021-09-23,0.05,1.02,0.97
2021-09-24,0.05,1.02,0.97
2021-09-27,0.05,1.03,0.98
2021-09-28,0.05,1.04,0.99
2021-09-29,0.05,1.04,0.99
2021-09-30,0.05,1.04,0.99
2021-10-01,0.05,1.04,0.99
2021-10-04,0.05,1.04,0.99
2021-10-05,0.05,1.04,0.99
2021-10-06,0.05,1.05,1.0
2021-10-07,0.05,1.05,1.0
2021-10-08,0.05,1.05,1.0
2021-10-12,0.05,1.06,1.01
2021-10-13,0.05,1.07,1.02
2021-10-14,0.05,1.07,1.02
2021-10-15,0.05,1.07,1.02
2021-10-18,0.05,1.08,1.03
2021-10-19,0.03,1.09,1.06
2021-10-20,0.03,1.09,1.06
2021-10-21,0.03,1.09,1.06
2021-10-22,0.05,1.09,1.04
2021-10-25,0.04,1.09,1.05
2021-10-26,0.05,1.09,1.04
2021-10-27,0.05,1.1,1.05
2021-10-28,0.05,1.1,1.05
2021-10-29,0.05,1.12,1.07
2021-11-01,0.05,1.12,1.07
2021-11-02,0.05,1.12,1.07
2021-11-03,0.05,1.12,1.07
2021-11-04,0.05,1.13,1.0799999999999998
2021-11-05,0.05,1.13,1.0799999999999998
2021-11-08,0.05,1.14,1.0899999999999999
2021-11-09,0.05,1.14,1.0899999999999999
2021-11-10,0.05,1.15,1.0999999999999999
2021-11-11,0.05,1.15,1.0999999999999999
2021-11-12,0.05,1.15,1.0999999999999999
2021-11-15,0.05,1.15,1.0999999999999999
2021-11-16,0.05,1.15,1.0999999999999999
2021-11-17,0.05,1.15,1.0999999999999999
2021-11-18,0.05,1.15,1.0999999999999999
2021-11-19,0.05,1.17,1.1199999999999999
2021-11-22,0.05,1.18,1.13
2021-11-23,0.05,1.19,1.14
2021-11-24,0.05,1.2,1.15
2021-11-25,0.05,1.25,1.2
2021-11-26,0.05,1.25,1.2
2021-11-29,0.05,1.25,1.2
2021-11-30,0.05,1.26,1.21
2021-12-01,0.05,1.26,1.21
2021-12-02,0.05,1.26,1.21
2021-12-03,0.05,1.27,1.22
2021-12-06,0.05,1.27,1.22
2021-12-07,0.05,1.27,1.22
2021-12-08,0.05,1.27,1.22
2021-12-09,0.05,1.27,1.22
2021-12-10,0.05,1.27,1.22
2021-12-13,0.05,1.27,1.22
2021-12-14,0.05,1.27,1.22
2021-12-15,0.05,1.27,1.22
2021-12-16,0.05,1.27,1.22
2021-12-17,0.05,1.27,1.22
2021-12-20,0.04,1.27,1.23
2021-12-21,0.05,1.27,1.22
2021-12-22,0.05,1.27,1.22
2021-12-23,0.05,1.27,1.22
2021-12-24,0.05,1.27,1.22
2021-12-27,0.05,1.28,1.23
2021-12-28,0.05,1.28,1.23
2021-12-29,0.05,1.28,1.23
2021-12-30,0.05,1.29,1.24
2021-12-31,0.05,1.29,1.24
2022-01-03,0.05,1.3,1.25
2022-01-04,0.05,1.3,1.25
2022-01-05,0.05,1.3,1.25
2022-01-06,0.05,1.3,1.25
2022-01-07,0.05,1.3,1.25
2022-01-10,0.05,1.3,1.25
2022-01-11,0.05,1.3,1.25
2022-01-12,0.05,1.31,1.26
2022-01-13,0.05,1.35,1.3
2022-01-14,0.05,1.43,1.38
2022-01-17,0.05,1.44,1.39
2022-01-18,0.05,1.45,1.4
2022-01-19,0.05,1.46,1.41
2022-01-20,0.04,1.46,1.42
2022-01-21,0.05,1.46,1.41
2022-01-24,0.04,1.46,1.42
2022-01-25,0.05,1.48,1.43
2022-01-26,0.04,1.49,1.45
2022-01-27,0.04,1.5,1.46
2022-01-28,0.05,1.5,1.45
2022-01-31,0.05,1.5,1.45
2022-02-01,0.05,1.5,1.45
2022-02-02,0.05,1.5,1.45
2022-02-03,0.05,1.5,1.45
2022-02-04,0.05,1.5,1.45
2022-02-07,0.05,1.5,1.45
2022-02-08,0.05,1.5,1.45
2022-02-09,0.04,1.5,1.46
2022-02-10,0.05,1.5,1.45
2022-02-11,0.05,1.5,1.45
2022-02-14,0.05,1.5,1.45
2022-02-15,0.05,1.5,1.45
2022-02-16,0.05,1.5,1.45
2022-02-17,0.05,1.5,1.45
2022-02-18,0.05,1.5,1.45
2022-02-21,0.05,1.5,1.45
2022-02-22,0.05,1.5,1.45
2022-02-23,0.05,1.5,1.45
2022-02-24,0.05,1.5,1.45
2022-02-25,0.05,1.5,1.45
2022-02-28,0.05,1.5,1.45
2022-03-01,0.05,1.5,1.45
2022-03-02,0.05,1.5,1.45
2022-03-03,0.05,1.5,1.45
2022-03-04,0.05,1.5,1.45
2022-03-07,0.05,1.5,1.45
2022-03-08,0.05,1.5,1.45
2022-03-09,0.05,1.5,1.45
2022-03-10,0.05,1.5,1.45
2022-03-11,0.05,1.5,1.45
2022-03-14,0.05,1.5,1.45
2022-03-15,0.05,1.5,1.45
2022-03-16,0.05,1.5,1.45
2022-03-17,0.3,1.5,1.2
2022-03-18,0.3,1.5,1.2
2022-03-21,0.29,1.5,1.21
2022-03-22,0.28,1.5,1.22
2022-03-23,0.27,1.5,1.23
2022-03-24,0.27,1.51,1.24
2022-03-25,0.28,1.51,1.23
2022-03-28,0.28,1.51,1.23
2022-03-29,0.28,1.51,1.23
2022-03-30,0.27,1.51,1.24
2022-03-31,0.29,1.51,1.22
2022-04-01,0.3,1.51,1.21
2022-04-04,0.3,1.51,1.21
2022-04-05,0.3,1.51,1.21
2022-04-06,0.3,1.51,1.21
2022-04-07,0.3,1.51,1.21
2022-04-08,0.3,1.51,1.21
2022-04-11,0.3,1.51,1.21
2022-04-12,0.29,1.51,1.22
2022-04-13,0.29,1.51,1.22
2022-04-14,0.29,1.72,1.43
2022-04-15,0.29,1.72,1.43
2022-04-18,0.29,1.72,1.43
2022-04-19,0.28,1.72,1.44
2022-04-20,0.27,1.72,1.45
2022-04-21,0.26,1.72,1.46
2022-04-22,0.27,1.72,1.45
2022-04-25,0.27,1.72,1.45
2022-04-26,0.27,1.72,1.45
2022-04-27,0.28,1.72,1.44
2022-04-28,0.28,1.72,1.44
2022-04-29,0.28,1.72,1.44
2022-05-02,0.3,1.72,1.42
2022-05-03,0.3,1.72,1.42
2022-05-04,0.3,1.72,1.42
2022-05-05,0.79,1.72,0.9299999999999999
2022-05-06,0.78,1.72,0.94
2022-05-09,0.78,1.72,0.94
2022-05-10,0.78,1.72,0.94
2022-05-11,0.78,1.72,0.94
2022-05-12,0.79,1.72,0.9299999999999999
2022-05-13,0.79,1.72,0.9299999999999999
2022-05-16,0.8,1.72,0.9199999999999999
2022-05-17,0.8,1.72,0.9199999999999999
2022-05-18,0.79,1.72,0.9299999999999999
2022-05-19,0.79,1.72,0.9299999999999999
2022-05-20,0.78,1.72,0.94
2022-05-23,0.78,1.75,0.97
2022-05-24,0.78,1.75,0.97
2022-05-25,0.78,1.75,0.97
2022-05-26,0.78,1.96,1.18
2022-05-27,0.78,1.96,1.18
2022-05-30,0.785,1.96,1.1749999999999998
2022-05-31,0.79,1.96,1.17
2022-06-01,0.8,1.96,1.16
2022-06-02,0.79,1.96,1.17
2022-06-03,0.78,1.96,1.18
2022-06-06,0.78,1.96,1.18
2022-06-07,0.77,1.96,1.19
2022-06-08,0.76,1.96,1.2
2022-06-09,0.75,1.96,1.21
2022-06-10,0.75,1.96,1.21
2022-06-13,0.73,1.96,1.23
2022-06-14,0.69,1.97,1.28
2022-06-15,0.7,1.97,1.27
2022-06-16,1.45,1.99,0.54
2022-06-17,1.45,1.99,0.54
2022-06-20,1.45,1.99,0.54
2022-06-21,1.45,1.99,0.54
2022-06-22,1.45,2.0,0.55
2022-06-23,1.44,2.0,0.56
2022-06-24,1.46,2.0,0.54
2022-06-27,1.5,2.0,0.5
2022-06-28,1.52,2.02,0.5
2022-06-29,1.51,2.04,0.53
2022-06-30,1.5,2.04,0.54
2022-07-01,1.52,2.05,0.5299999999999998
2022-07-04,1.53,2.05,0.5199999999999998
2022-07-05,1.54,2.05,0.5099999999999998
2022-07-06,1.54,2.05,0.5099999999999998
2022-07-07,1.54,2.05,0.5099999999999998
2022-07-08,1.53,2.05,0.5199999999999998
2022-07-11,1.53,2.12,0.5900000000000001
2022-07-12,1.54,2.14,0.6000000000000001
2022-07-13,1.53,2.57,1.0399999999999998
2022-07-14,1.53,2.58,1.05
2022-07-15,1.54,2.58,1.04
2022-07-18,1.54,2.58,1.04
2022-07-19,1.54,2.58,1.04
2022-07-20,1.53,2.58,1.05
2022-07-21,1.53,2.58,1.05
2022-07-22,1.52,2.58,1.06
2022-07-25,1.53,2.59,1.0599999999999998
2022-07-26,1.53,2.61,1.0799999999999998
2022-07-27,1.53,2.68,1.1500000000000001
2022-07-28,2.28,2.74,0.4600000000000004
2022-07-29,2.27,2.73,0.45999999999999996
2022-08-01,2.28,2.73,0.4500000000000002
2022-08-02,2.3,2.73,0.43000000000000016
2022-08-03,2.29,2.73,0.43999999999999995
2022-08-04,2.29,2.74,0.4500000000000002
2022-08-05,2.28,2.74,0.4600000000000004
2022-08-08,2.28,2.75,0.4700000000000002
2022-08-09,2.29,2.75,0.45999999999999996
2022-08-10,2.28,2.76,0.48
2022-08-11,2.28,2.76,0.48
2022-08-12,2.28,2.76,0.48
2022-08-15,2.29,2.76,0.46999999999999975
2022-08-16,2.29,2.76,0.46999999999999975
2022-08-17,2.29,2.76,0.46999999999999975
2022-08-18,2.28,2.76,0.48
2022-08-19,2.28,2.76,0.48
2022-08-22,2.28,2.76,0.48
2022-08-23,2.27,2.76,0.48999999999999977
2022-08-24,2.27,2.76,0.48999999999999977
2022-08-25,2.28,2.92,0.6400000000000001
2022-08-26,2.28,2.92,0.6400000000000001
2022-08-29,2.28,2.92,0.6400000000000001
2022-08-30,2.29,2.92,0.6299999999999999
2022-08-31,2.29,2.92,0.6299999999999999
2022-09-01,2.29,2.92,0.6299999999999999
2022-09-02,2.29,2.93,0.6400000000000001
2022-09-05,2.29,2.93,0.6400000000000001
2022-09-06,2.29,2.93,0.6400000000000001
2022-09-07,2.28,2.93,0.6500000000000004
2022-09-08,2.28,2.93,0.6500000000000004
2022-09-09,2.28,2.93,0.6500000000000004
2022-09-12,2.28,2.93,0.6500000000000004
2022-09-13,2.28,2.93,0.6500000000000004
2022-09-14,2.27,2.94,0.6699999999999999
2022-09-15,2.28,2.96,0.6800000000000002
2022-09-16,2.27,2.97,0.7000000000000002
2022-09-19,2.27,2.99,0.7200000000000002
2022-09-20,2.26,3.0,0.7400000000000002
2022-09-21,2.25,3.02,0.77
2022-09-22,2.99,3.04,0.04999999999999982
2022-09-23,2.99,3.07,0.07999999999999963
2022-09-26,2.99,3.09,0.09999999999999964
2022-09-27,2.98,3.12,0.14000000000000012
2022-09-28,2.98,3.14,0.16000000000000014
2022-09-29,2.96,3.2,0.2400000000000002
2022-09-30,2.98,3.24,0.26000000000000023
2022-10-03,3.0,3.26,0.2599999999999998
2022-10-04,3.04,3.28,0.23999999999999977
2022-10-05,3.04,3.32,0.2799999999999998
2022-10-06,3.05,3.32,0.27
2022-10-07,3.05,3.32,0.27
2022-10-11,3.05,3.32,0.27
2022-10-12,3.04,3.63,0.5899999999999999
2022-10-13,3.04,3.66,0.6200000000000001
2022-10-14,3.04,3.66,0.6200000000000001
2022-10-17,3.05,3.7,0.6500000000000004
2022-10-18,3.04,3.76,0.7199999999999998
2022-10-19,3.04,3.81,0.77
2022-10-20,3.03,3.85,0.8200000000000003
2022-10-21,3.02,3.9,0.8799999999999999
2022-10-24,3.01,3.92,0.9100000000000001
2022-10-25,3.02,3.93,0.9100000000000001
2022-10-26,3.03,3.94,0.9100000000000001
2022-10-27,3.04,3.94,0.8999999999999999
2022-10-28,3.05,3.95,0.9000000000000004
2022-10-31,3.05,3.96,0.9100000000000001
2022-11-01,3.05,3.97,0.9200000000000004
2022-11-02,3.05,3.97,0.9200000000000004
2022-11-03,3.8,3.97,0.17000000000000037
2022-11-04,3.8,3.97,0.17000000000000037
2022-11-07,3.78,3.97,0.1900000000000004
2022-11-08,3.78,3.97,0.1900000000000004
2022-11-09,3.78,3.97,0.1900000000000004
2022-11-10,3.78,3.97,0.1900000000000004
2022-11-11,3.785,3.97,0.18500000000000005
2022-11-14,3.79,3.97,0.18000000000000016
2022-11-15,3.8,3.97,0.17000000000000037
2022-11-16,3.81,3.97,0.16000000000000014
2022-11-17,3.8,3.99,0.1900000000000004
2022-11-18,3.8,3.99,0.1900000000000004
2022-11-21,3.8,4.01,0.20999999999999996
2022-11-22,3.8,4.02,0.21999999999999975
2022-11-23,3.79,4.02,0.22999999999999954
2022-11-24,3.795,4.03,0.23500000000000032
2022-11-25,3.8,4.03,0.23000000000000043
2022-11-28,3.8,4.03,0.23000000000000043
2022-11-29,3.81,4.03,0.2200000000000002
2022-11-30,3.82,4.03,0.2100000000000004
2022-12-01,3.82,4.03,0.2100000000000004
2022-12-02,3.81,4.03,0.2200000000000002
2022-12-05,3.81,4.03,0.2200000000000002
2022-12-06,3.8,4.03,0.23000000000000043
2022-12-07,3.8,4.03,0.23000000000000043
2022-12-08,3.8,4.03,0.23000000000000043
2022-12-09,3.8,4.03,0.23000000000000043
2022-12-12,3.8,4.03,0.23000000000000043
2022-12-13,3.8,4.03,0.23000000000000043
2022-12-14,3.8,4.03,0.23000000000000043
2022-12-15,4.32,4.03,-0.29000000000000004
2022-12-16,4.32,4.03,-0.29000000000000004
2022-12-19,4.3,4.03,-0.2699999999999996
2022-12-20,4.3,4.03,-0.2699999999999996
2022-12-21,4.3,4.03,-0.2699999999999996
2022-12-22,4.3,4.03,-0.2699999999999996
2022-12-23,4.3,4.03,-0.2699999999999996
2022-12-26,4.3,4.03,-0.2699999999999996
2022-12-27,4.3,3.98,-0.31999999999999984
2022-12-28,4.3,3.98,-0.31999999999999984
2022-12-29,4.3,3.98,-0.31999999999999984
2022-12-30,4.3,3.98,-0.31999999999999984
2023-01-02,4.305,3.98,-0.32499999999999973
2023-01-03,4.31,3.96,-0.34999999999999964
2023-01-04,4.3,3.96,-0.33999999999999986
2023-01-05,4.31,3.96,-0.34999999999999964
2023-01-06,4.31,3.92,-0.3899999999999997
2023-01-09,4.31,3.92,-0.3899999999999997
2023-01-10,4.31,3.9,-0.4099999999999997
2023-01-11,4.3,3.88,-0.41999999999999993
2023-01-12,4.3,3.87,-0.4299999999999997
2023-01-13,4.3,3.88,-0.41999999999999993
2023-01-16,4.305,3.79,-0.5149999999999997
2023-01-17,4.31,3.74,-0.5699999999999994
2023-01-18,4.3,3.7,-0.5999999999999996
2023-01-19,4.31,3.68,-0.6299999999999994
2023-01-20,4.3,3.67,-0.6299999999999999
2023-01-23,4.3,3.6666666666666665,-0.6333333333333333
2023-01-24,4.3,3.6633333333333336,-0.6366666666666663
2023-01-25,4.31,3.66,-0.6499999999999995
2023-01-26,4.3,3.65,-0.6499999999999999
2023-01-27,4.3,3.64,-0.6599999999999997
2023-01-30,4.3,3.63,-0.6699999999999999
2023-01-31,4.31,3.63,-0.6799999999999997
2023-02-01,4.31,3.59,-0.7199999999999998
2023-02-02,4.56,3.52,-1.0399999999999996
2023-02-03,4.55,3.49,-1.0599999999999996
2023-02-06,4.55,3.47,-1.0799999999999996
2023-02-07,4.55,3.46,-1.0899999999999999
2023-02-08,4.55,3.46,-1.0899999999999999
2023-02-09,4.55,3.46,-1.0899999999999999
2023-02-10,4.55,3.47,-1.0799999999999996
2023-02-13,4.55,3.48,-1.0699999999999998
2023-02-14,4.55,3.48,-1.0699999999999998
2023-02-15,4.55,3.49,-1.0599999999999996
2023-02-16,4.55,3.5,-1.0499999999999998
2023-02-17,4.55,3.52,-1.0299999999999998
2023-02-20,4.55,3.53,-1.02
2023-02-21,4.55,3.54,-1.0099999999999998
2023-02-22,4.55,3.56,-0.9899999999999998
2023-02-23,4.55,3.59,-0.96
2023-02-24,4.55,3.59,-0.96
2023-02-27,4.55,3.59,-0.96
2023-02-28,4.55,3.59,-0.96
2023-03-01,4.55,3.5999999999999996,-0.9500000000000002
2023-03-02,4.55,3.61,-0.94
2023-03-03,4.55,3.61,-0.94
2023-03-06,4.55,3.61,-0.94
2023-03-07,4.55,3.61,-0.94
2023-03-08,4.55,3.61,-0.94
2023-03-09,4.55,3.61,-0.94
2023-03-10,4.55,3.61,-0.94
2023-03-13,4.55,3.61,-0.94
2023-03-14,4.55,3.61,-0.94
2023-03-15,4.58,3.61,-0.9700000000000002
2023-03-16,4.57,3.62,-0.9500000000000002
2023-03-17,4.55,3.62,-0.9299999999999997
2023-03-20,4.55,3.62,-0.9299999999999997
2023-03-21,4.55,3.62,-0.9299999999999997
2023-03-22,4.55,3.62,-0.9299999999999997
2023-03-23,4.8,3.62,-1.1799999999999997
2023-03-24,4.8,3.59,-1.21
2023-03-27,4.81,3.59,-1.2199999999999998
2023-03-28,4.84,3.59,-1.25
2023-03-29,4.83,3.59,-1.2400000000000002
2023-03-30,4.82,3.59,-1.2300000000000004
2023-03-31,4.87,3.59,-1.2800000000000002
2023-04-03,4.84,3.59,-1.25
2023-04-04,4.83,3.59,-1.2400000000000002
2023-04-05,4.81,3.59,-1.2199999999999998
2023-04-06,4.81,3.58,-1.2299999999999995
2023-04-07,4.81,3.53,-1.2799999999999998
2023-04-10,4.81,3.51,-1.2999999999999998
2023-04-11,4.8,3.48,-1.3199999999999998
2023-04-12,4.8,3.43,-1.3699999999999997
2023-04-13,4.8,3.43,-1.3699999999999997
2023-04-14,4.8,3.43,-1.3699999999999997
2023-04-17,4.8,3.43,-1.3699999999999997
2023-04-18,4.8,3.44,-1.3599999999999999
2023-04-19,4.8,3.45,-1.3499999999999996
2023-04-20,4.8,3.47,-1.3299999999999996
2023-04-21,4.8,3.49,-1.3099999999999996
2023-04-24,4.8,3.49,-1.3099999999999996
2023-04-25,4.8,3.49,-1.3099999999999996
2023-04-26,4.8,3.5,-1.2999999999999998
2023-04-27,4.81,3.52,-1.2899999999999996
2023-04-28,4.81,3.52,-1.2899999999999996
2023-05-01,4.81,3.525,-1.2849999999999997
2023-05-02,4.81,3.53,-1.2799999999999998
2023-05-03,4.81,3.55,-1.2599999999999998
2023-05-04,5.06,3.55,-1.5099999999999998
2023-05-05,5.06,3.55,-1.5099999999999998
2023-05-08,5.06,3.55,-1.5099999999999998
2023-05-09,5.06,3.55,-1.5099999999999998
2023-05-10,5.06,3.59,-1.4699999999999998
2023-05-11,5.05,3.6,-1.4499999999999997
2023-05-12,5.05,3.61,-1.44
2023-05-15,5.06,3.62,-1.4399999999999995
2023-05-16,5.05,3.62,-1.4299999999999997
2023-05-17,5.05,3.65,-1.4
2023-05-18,5.05,3.66,-1.3899999999999997
2023-05-19,5.05,3.67,-1.38
2023-05-22,5.05,3.68,-1.3699999999999997
2023-05-23,5.05,3.7,-1.3499999999999996
2023-05-24,5.05,3.73,-1.3199999999999998
2023-05-25,5.06,3.75,-1.3099999999999996
2023-05-26,5.06,3.75,-1.3099999999999996
2023-05-30,5.06,3.76,-1.2999999999999998
2023-05-31,5.08,3.76,-1.3200000000000003
2023-06-01,5.08,3.76,-1.3200000000000003
2023-06-02,5.07,3.76,-1.3100000000000005
2023-06-05,5.06,3.76,-1.2999999999999998
2023-06-06,5.05,3.755,-1.295
2023-06-07,5.05,3.75,-1.2999999999999998
2023-06-08,5.05,3.75,-1.2999999999999998
2023-06-09,5.05,3.75,-1.2999999999999998
2023-06-12,5.05,3.75,-1.2999999999999998
2023-06-13,5.05,3.75,-1.2999999999999998
2023-06-14,5.05,3.75,-1.2999999999999998
2023-06-15,5.06,3.75,-1.3099999999999996
2023-06-16,5.05,3.75,-1.2999999999999998
2023-06-19,5.05,3.75,-1.2999999999999998
2023-06-20,5.05,3.75,-1.2999999999999998
2023-06-21,5.05,3.75,-1.2999999999999998
2023-06-22,5.05,3.75,-1.2999999999999998
2023-06-23,5.05,3.75,-1.2999999999999998
2023-06-26,5.05,3.75,-1.2999999999999998
2023-06-27,5.05,3.75,-1.2999999999999998
2023-06-28,5.06,3.75,-1.3099999999999996
2023-06-29,5.06,3.75,-1.3099999999999996
2023-06-30,5.09,3.75,-1.3399999999999999
2023-07-03,5.06,3.75,-1.3099999999999996
2023-07-04,5.06,3.74,-1.3199999999999994
2023-07-05,5.06,3.74,-1.3199999999999994
2023-07-06,5.06,3.74,-1.3199999999999994
2023-07-07,5.06,3.75,-1.3099999999999996
2023-07-10,5.06,3.75,-1.3099999999999996
2023-07-11,5.06,3.75,-1.3099999999999996
2023-07-12,5.05,3.75,-1.2999999999999998
2023-07-13,5.06,3.75,-1.3099999999999996
2023-07-14,5.05,3.75,-1.2999999999999998
2023-07-17,5.06,3.75,-1.3099999999999996
2023-07-18,5.06,3.75,-1.3099999999999996
2023-07-19,5.05,3.75,-1.2999999999999998
2023-07-20,5.06,3.75,-1.3099999999999996
2023-07-21,5.05,3.75,-1.2999999999999998
2023-07-24,5.05,3.75,-1.2999999999999998
2023-07-25,5.06,3.75,-1.3099999999999996
2023-07-26,5.06,3.75,-1.3099999999999996
2023-07-27,5.31,3.74,-1.5699999999999994
2023-07-28,5.3,3.74,-1.5599999999999996
2023-07-31,5.31,3.74,-1.5699999999999994
2023-08-01,5.31,3.74,-1.5699999999999994
2023-08-02,5.3,3.74,-1.5599999999999996
2023-08-03,5.3,3.73,-1.5699999999999998
2023-08-04,5.3,3.72,-1.5799999999999996
2023-08-07,5.3,3.72,-1.5799999999999996
2023-08-08,5.3,3.7,-1.5999999999999996
2023-08-09,5.3,3.7,-1.5999999999999996
2023-08-10,5.3,3.68,-1.6199999999999997
2023-08-11,5.3,3.69,-1.6099999999999999
2023-08-14,5.3,3.69,-1.6099999999999999
2023-08-15,5.3,3.6950000000000003,-1.6049999999999995
2023-08-16,5.3,3.7,-1.5999999999999996
2023-08-17,5.3,3.7,-1.5999999999999996
2023-08-18,5.3,3.7,-1.5999999999999996
2023-08-21,5.3,3.7,-1.5999999999999996
2023-08-22,5.3,3.7,-1.5999999999999996
2023-08-23,5.3,3.69,-1.6099999999999999
2023-08-24,5.3,3.69,-1.6099999999999999
2023-08-25,5.3,3.69,-1.6099999999999999
2023-08-28,5.3,3.69,-1.6099999999999999
2023-08-29,5.3,3.69,-1.6099999999999999
2023-08-30,5.3,3.69,-1.6099999999999999
2023-08-31,5.31,3.69,-1.6199999999999997
2023-09-01,5.31,3.68,-1.6299999999999994
2023-09-04,5.31,3.69,-1.6199999999999997
2023-09-05,5.31,3.7,-1.6099999999999994
2023-09-06,5.3,3.71,-1.5899999999999999
2023-09-07,5.31,3.72,-1.5899999999999994
2023-09-08,5.3,3.72,-1.5799999999999996
2023-09-11,5.3,3.72,-1.5799999999999996
2023-09-12,5.3,3.73,-1.5699999999999998
2023-09-13,5.3,3.75,-1.5499999999999998
2023-09-14,5.3,3.76,-1.54
2023-09-15,5.31,3.78,-1.5299999999999998
2023-09-18,5.31,3.79,-1.5199999999999996
2023-09-19,5.31,3.8,-1.5099999999999998
2023-09-20,5.3,3.81,-1.4899999999999998
2023-09-21,5.3,3.82,-1.48
2023-09-22,5.3,3.83,-1.4699999999999998
2023-09-25,5.31,3.83,-1.4799999999999995
2023-09-26,5.31,3.83,-1.4799999999999995
2023-09-27,5.32,3.83,-1.4900000000000002
2023-09-28,5.31,3.83,-1.4799999999999995
